Phase Field,Target
Co Ge Mn Ni,0
Co Ge Mn,1
Al U W,0
Ca La Sb,0
Ca Ce Sb,0
Ca Sb Sm,0
Ca Nd Sb,0
Pt Sb Zr,0
Li Zn,0
Li Sr,0
Cu Ti,1
Ni Ti,1
In Sc,1
Ni Sm,1
Sm Zn,1
La Rh,1
Bi Mg Ni,0
Au Mg Sn,0
Au Li Mg Sn,0
Li Mg Pd Sn,0
Mg Pt Sn,0
Ge Nb,1
Ge Ta,0
Sb Th,0
Al Mn Sb Yb,0
Al Eu Mn Sb,0
Co Ge Zr,1
Ge Na Zn,0
Cs Sb Zn,0
Cd Rb Sb,0
Cd Cs Sb,0
Rb Sb Zn,0
In Ir Sr,0
Ge Li Mn,0
Al Cu Yb,1
Bi Ga K,0
Ir Zn,0
Ag Ga Sr,0
Ag Al Sr,1
Ag Al Ba,0
Ag Al Ca,1
Al Cu Sr,0
Al Ba Cu,1
Al Au Ca,0
Al Cu La,1
Ag Al Ce,1
Ag Al Pr,1
Ba Ge Ni,0
Ba Ge Pd,0
Ba Cu Ge,0
Au Ba Ge,0
Cu Ge Tb,0
Ge Ni Tb,0
Ge Hf Mo,1
Ge Ho Mn,1
Ge Ho Ni,0
Ge Ho Os,0
Ge Ho Pd,0
Ge Ho Ru,0
Ge La,1
Ge Li Lu,0
Ge Li Tm,0
Ge Li Yb,1
Ge Li Zn,0
Ge Lu,0
Ge Mg Yb,0
Ce In Pd,0
Cd Ce Sb,0
Fe Ge La,0
Al Ce Ru,1
Ir Mg,1
Al Cr Ni,1
Ba Ga Sb,0
Ge Pr Ti,0
Ge Nd Ti,0
Ge Tb Ti,0
Dy Ge Ti,0
Ge Ho Ti,0
Er Ge Ti,0
Ca Ge,0
Nb Ni Sb,0
Co Sb Th,0
Ba Na Sb,0
Fe Ga Ge Tb,1
Ge Nd Zn,0
Au Ga Nd,0
Au Ga Sm,0
Au Ga La,0
Au Ga Pr,0
Cd La Mg Pb,0
Ge Sr,0
Al Ge Li,0
Au Ce Ge,0
Cu In Pr,0
Ce Cu In,0
Sc Sn,1
Pb Sc,0
Co Nb,1
Ce Ni Zn,1
Al Mn,0
Bi Ce Cu,0
Bi Co Ho,0
Co Ho,1
Fe Ge Tb,1
Pd Sn,1
Ni U Zn,1
Ag Yb,1
Cs Ge Na Tl,0
Cs Ge Na,0
Ge Na Pd,0
Cr Ga Hf,1
Fe Ga Hf,1
Ga Mn Sc,1
Al Nd Ni,1
Al Cr Pr,0
Al Co Zr,1
Al Fe Zr,1
La Ni,1
Au Eu In,1
Au Eu Ga,0
Al Cu Y,1
La Mg Nd Ni,1
Fe Ni Sb Sm,0
Ba Bi Ti,0
Bi Eu Ti,0
Cd K Sb,0
La Ni Sb,0
Al Co Gd,1
Ag Ge Pr,0
Ag Ge Nd,0
In Ir Nd,0
Al Fe La Mg,0
Al Ce Fe Mg,0
Al Fe Mg Pr,0
Al Fe Mg Nd,0
Ga Na Sn,0
Al Pt Yb,0
Cu Mg,1
Cu Mg Ni,1
Cu Mg Sn,1
Cu Mg Zn,1
Cu Mn Nd,0
Cu Mn Pr,0
Cu Mn Sb,0
Mn Pt Sb,0
Cu Mn Sm,0
Cu Mn Sn,1
Cu Mn Zn,0
Cu Mn Zr,1
Cu Nd,1
Cu Nd Sn,0
Cu Ni,1
Cu Ni Pd,0
Cu Ni Sn,1
Cu Ni Ta,1
Cu Ni Tb,1
Cu Ni Ti,1
Cu Ni U,1
Cu Ni Y,1
Cu Ni Yb,1
Cu Ni Zn,1
Cu Ni Zr,1
Cu Pb Pr,0
Cu Pb Sm,0
Cu Pb Yb,0
Cu Pb Zr,0
Cu Pd,1
Cu Pd U,1
Cu Pd Yb,1
Cu Pr,1
Cu Pr Sn,0
Cu Pt,1
Cu Pt Zn,0
Cu Pu,0
Cu Rh,0
Cu Sb,0
Cu Sb Ti,0
Cu Sb U,0
Cu Sb Zr,0
Cu Sc,0
Cu Sc Sn,1
Cu Sc Zn,1
Cu Sm,1
Mn Ni Sn,1
Ga Ir,0
Bi La,1
Cr Gd Ge,1
Cr Gd Sn,0
Au Bi Ca,1
Co Cu In Mn,0
Co Cu Mn Sn,0
Co Cu Mn Sb,0
Co Sn Ta,0
Ni Sb Sc,0
Pd Sb Sc,0
Pt Sb Sc,0
Hf Rh Sb,0
Al Ni Ti,1
Al Co Ti,1
Al Fe Ti,1
Al Co Ni Ti,0
Al Fe Ni Ti,0
Al Co Fe Ti,0
Al Ti,1
Co Mn Sb,0
Cu Li,1
Be Li Sb,0
Be Bi Li,0
Ge Li Sc,0
Sc Zn,1
Y Zn,1
Ti Zn,1
Zn Zr,1
Ga Mn Zr,1
Nd Pb,1
Bi Y,0
Bi La Y,0
Ru Sb V,0
Dy Ni,1
Ho Ni,1
Er Ni,1
La Mg,1
Mg Nd,1
Mg Sm,1
Pt V,1
Cr Pt,1
Mn Pt,1
Fe Pt,1
Al Cr Fe Nb,0
Al Mn Nb V,0
Bi Co Y,0
Co Sb Y,0
Ni Rh Tb,1
Ni Ru Tb,1
Ni Tb,1
Cr Sb Y,0
Mn Sb Y,0
Al Cr Fe,0
Cr Fe Ga,0
Al Co Cr Ti,0
Al Co Cr,1
Al Cu Mn,1
Cu In Mn,1
Co In Nb,0
Co In Zr,0
Fe Ga Rh,0
Fe In Rh,0
Mn Sb V,0
Ba Bi,1
Bi Ca,1
Bi Sr,1
Co Sb Ti,0
Ge Zr,0
Ge Hf,0
Ge Mo,0
Mo Sb,0
Al Ca Mn Sb,0
Ge Ti,0
Pt Sb,0
Fe Ge,1
Al Ca Cu,1
Pt Sn,1
Li Sb Sn,0
Ge Mn,1
Ge Mn Nd,1
Ge Mn Pd,0
Ge Mn Tb,1
Ge Mn Y,1
Ge Mo Nb Sn,0
Ge Nb Sn,0
Ge Nb V,0
Ge Nb Zr,0
Ge Nd Ni,0
Ge Nd Ni Tb,0
Ge Nd Ru,0
Ge Ni Sc,1
Ge Ni Sm,0
Ge Ni Tm,0
Ge Np,1
Ge Np Rh,0
Ge Pd Yb,0
Ge Pr,0
Ge Pt Sr,0
Ge Sn Zr,0
Ge V Zr,1
Ge Y,0
Ge Yb,1
Sb Sr,0
Sb Zn Zr,0
Al Au,0
Al Au Hf,1
Al Au Mn,0
Al Au Sc,0
Al Au Ti,0
Al Au V,0
Al Au Zr,1
Al Ba,1
Al Be Ce,0
Al Be Cu,1
Al Be Fe,1
Al Be Mn,1
Al Be Ni,1
Al Ca,1
Al Ca Cd,0
Al Ca Co,0
Al Ca Cr,0
Al Ca Dy,1
Al Ca Gd,1
Al Ca La,1
Al Ca Mn,1
Al Ca Ni,0
Al Ca Yb,1
Al Ca Zn,1
Al Ce,1
Al Ce Co,1
Al Ce Cr,0
Al Ce Cu,1
Al Ce Cu Mn,0
Al Ce Cu Ni,1
Al Ce Eu,1
Al Ce Fe,1
Al Ce Ga,1
Al Ce La,1
Al Ce Mn,1
Al Ce Nd,1
Al Ce Ni,1
Al Ce Pr,1
Al Ce Sc,1
Al Ce Sn,1
Al Ce Y,1
Al Ce Zn,0
Al Co,1
Al Co Cr Ni Y,1
Al Co Cu,0
Al Co Dy,1
Al Co Er,1
Al Co Fe,1
Al Co Hf,1
Al Co Ho,1
Al Co La,1
Al Co Lu,1
Al Co Mn,1
Al Co Mo,1
Al Co Nb,1
Al Co Nd,1
Al Co Ni,1
Al Co Pr,1
Al Co Ru,1
Al Co Sc,1
Al Co Sm,1
Al Co Sr,0
Al Co Ta,1
Al Co Tb,1
Al Co Th,1
Al Co U,1
Al Co V,1
Al Co Y,1
Al Cr,0
Al Cr Ge,0
Al Cr Mg,0
Al Cr Mn,0
Al Cr Nb,1
Al Cr Y,0
Al Cr Zr,1
Al Cu,1
Al Cu Dy,1
Al Cu Er,1
Al Cu Fe,0
Al Cu Gd,1
Al Cu Hf,1
Al Cu Ho,1
Al Cu La Ni,1
Al Cu Li,1
Al Cu Mg,1
Al Cu Mn Sn,0
Al Cu Mo,1
Al Cu Nd,1
Al Cu Ni,1
Al Cu Np,0
Al Cu Pd,0
Al Cu Pr,1
Al Cu Re,0
Al Cu Rh,0
Al Cu Sc,1
Al Cu Sm,1
Al Cu Tb,1
Al Cu Ti,1
Al Cu Tm,1
Al Cu U,1
Al Ga Gd,1
Al Ga Ho,0
Al Ga Li,0
Al Ga Nb,0
Al Ga Nd,1
Al Ga Ni,1
Al Ga Sc,0
Al Ga Sr,0
Al Ga Tm,1
Al Ga V,0
Al Ga Yb,1
Al Ga Zr,0
Al Gd,1
Al Gd Ho,1
Al Gd La,1
Al Gd Lu,1
Al Gd Mn,1
Al Gd Nd,1
Al Gd Ni,1
Al Gd Pr,1
Al Gd Tb,1
Al Ge La,0
Al Ge Mo,0
Al Ge Nb,0
Al Ge Ni,1
Al Ge V,0
Al Hf,1
Al Hf Ho,1
Al Hf Mo,1
Al Hf Ni,1
Al Hf Pd,1
Al Hf Tb,1
Al Hf W,1
Al Hf Zn,1
Al Ho,1
Al Ho Mn,1
Al Ho Nd,1
Al Ho Ni,1
Al Ho Pr,1
Al Ho Tb,1
Al Ho Zr,1
Al In Li,0
Al In Ni,1
Al In Sb,0
Al Ir,0
Al Ir Mn,0
Al Ir Nb,1
Al La,1
Al La Lu,1
Er Ge,0
Ce Ge,0
Ge Nd,0
Ge Sm,0
Al Ge Na,0
Dy Ge,1
Ge Tm,0
Ba Mn Sb,0
Hg Ni,0
Ca Mg Sb,0
Ba Ge In Li,0
Eu Ge In Li,0
Au Ga Yb,0
Ba Na Pb,0
Ba Na Sn,0
Eu Na Sn,0
Al Ba Mg,1
Ba Mg,1
Al Mg Sr,1
Mg Sr,1
Sb Yb Zn,0
Ca Sb Zn,0
Sb Zr,0
Al La Ni,1
Al Os Y,0
Dy Ge Ni,0
Er Ge Ni,0
Ge Ni Yb,0
Ge Lu Ni,0
Cu Ga Mg,1
Na Sn,1
Ag Li Sn,0
Au In Sn,0
Au Sb Sn,0
Ca Ge Pd,1
Bi Ni,0
Bi Pt,1
Bi Rh,0
Ba Cu Ge Sn,0
Al Li Zn,0
Au Ca Sn,0
Ba In Ir,0
Co K Sn,0
Co In La,1
Ge Li,0
Cu Sm Sn,0
Cu Sn,1
Cu Sn Tb,1
Cu Sn Tm,0
Cu Sn U,1
Cu Sn Y,1
Cu Sn Yb,1
Cu Sn Zr,0
Cu Sr,1
Cu Ta V,1
Cu Tb,1
Cu Th,0
Cu Ti Zr,1
Cu Tm,1
Cu U,1
Cu Y,1
Cu Yb,1
Cu Zn,0
Cu Zn Zr,0
Cu Zr,1
Fe Sb Ti,1
Ni Sb Ti,0
Co Sn Ti,0
Mn Nb,1
Sb Sc,0
Ga Hf V,1
Ga Sc V,0
Bi Ho,0
Co Y,1
In Sb,0
Ir Sb Ti,0
Pt Pu,1
Ge Ru,0
Fe Tb,1
Cu Ga,0
In Pt,1
Co Sc,1
Hf Ni,1
Pt Y,1
Pd Pu,1
Ag Hg,0
Mg Pd,1
Gd Zn,1
Cd Er,0
Cd Y,0
Eu In Pt Sr,0
Al Ba Pt,0
Ca Li Sn,0
Ce Co Mg,1
Al Co Tm,1
Al Dy Ni,1
Al Er Ni,1
Al Ni Tm,1
Pt Sm Sn,0
Nd Pt Sn,0
La Pt Sn,0
Ce Pt Sn,0
Ca In Pt,0
Ga Ge Re,0
Cu Mn Pd Sb,0
Cu Mn Pt Sb,0
Cu Ni Sb,0
Cu Sb Sr,0
Dy Ge Pd,0
Dy Ge Pt,0
Dy Ni Sb,0
Dy Pt Sb,0
Er Ge Mn,1
Er Ni Sb,0
Er Pt Sb,0
Er Sb,0
Eu Ge,0
Eu Ge Ni,0
Fe Ge Hf,1
Fe Ge Nd,1
Fe Ge Ni,1
Fe Ge Pr,1
Fe Ge Sm,1
Fe Ge Ti,1
Fe Ge U,1
Fe Ge V,1
Fe Ge Yb,1
Fe Ge Zr,1
Fe La Sb,0
Fe Sb,0
Fe Sb Sn,0
Fe Sb V,0
Ga Ge Nb,0
Ga Ge Ni,1
Ga Ge Pt,0
Ga Ge V,0
Ga In Sb,0
Ga K Sb,0
Ga Nb Sb,0
Ga Ni Sb,1
Ga Sb,0
Gd Ge Mn,1
Gd Ge Pd,0
Gd Ge Pt,0
Gd Ge Rh,0
Gd Pt Sb,0
Nb Sb,0
Pd Sb,0
Pd Sb Tb,0
Pr Sb,0
Pt Sb Sn,0
Pt Sb Tb,0
Pt Sb Tm,0
Pt Sb Yb,0
Ge Ni,1
Co Ge,0
Pu Sb,0
Rb Sb,0
Fe Ga Sb,0
Fe Hf,1
Co Hf,1
Mn Ti,1
Ce Zn,1
Al Ni U,1
Dy Pb,1
Ce Ga Ni,1
Al Ni Sm,1
Al Cu Lu,1
Ga Ni Zr,1
Al Ni Th,1
Co Ga Th,0
In Pd Th,0
Al Pt U,1
Ga Ni U,1
Ga Rh U,0
Ga Ir U,0
Ga Pt U,0
In Pd U,0
Pt Ti,1
Ag Hf,0
Fe Tb Ti,0
Au Gd Mg Y,0
La Mg Ni,1
Fe Gd,1
Fe Gd Ti,0
Fe Ga Gd,1
Fe Ga Gd Ti,0
Co Er,1
Al Ce Pd,1
Co Ge Lu,1
Pr Y,0
Ce Gd,0
Ce Ho,0
Mg Ni,1
Sn Ti,1
Gd Ni,1
Os Sb,0
Fe Pd Zn,0
Ba Ge,1
Cu Li Sn,1
Co Tb,1
Co Tb Y,0
Co Th,1
Co Ti,1
Co Ti Y,0
Co Ti Zr,1
Co Tm,1
Co U,1
Co V,1
Co V W,1
Co V Y,1
Co V Zr,1
Co W,1
Co Y Zr,1
Co Yb,1
Co Yb Zr,1
Co Zn,0
Co Zr,1
Cr Cu Mn Sb,0
Cr Cu Ta,1
Cr Dy Fe,0
Cr Dy Ge,1
Cr Er Fe,1
Cr Er Mn,1
Cr Fe,1
Cr Fe Gd,0
Cr Fe Ho,0
Cr Fe Lu,0
Cr Fe Mn Sb,0
Cr Fe Mn Ti Zr,1
Cr Fe Mn Zr,1
Cr Fe Mo,0
Cr Fe Mo Ti,0
Cr Fe Nb,1
Cr Fe Nd,0
Cr Fe Ni Ti,0
Cr Fe Ni Zr,1
Cr Fe Sb,0
Cr Fe Sm,0
Cr Fe Tb,0
Cr Fe Ti,1
Cr Fe Ti Zr,1
Cr Fe Tm,0
Cr Fe U,1
Cr Fe V,0
Cr Fe W,0
Cr Fe Y,0
Cr Fe Zr,1
Cr Ga,1
Cr Ga Nb,1
Co Ga Mn,0
Fe Nb,1
Fe Zr,1
Fe Nb Zr,1
Co Ga Ni,0
Co In Ni,0
Co Ge Ni,0
Co Ni Sn,0
Co Ni Sb,0
Co In Mn Ni,0
Co Mn Ni Sb,0
Co Mn Ni Sn,0
In Mn Ni,0
Mn Ni Sb,0
Al Co Li Nb,0
Eu Sb,0
Bi Ca Mn,0
Ce Ge Li,0
Cd Dy,0
In Mn,0
Pd Sm,1
Fe Ga,1
U Zn,1
Ce Cr Ge,0
Mn Pt Sn,0
Ce Ge Rh,0
Mn Sn Yb,1
Mn Sc Sn Yb,1
Mn Sc Sn,1
La Pd Sb,0
Ce Pd Sb,0
Pd Pr Sb,0
Nd Pd Sb,0
Pd Sb Sm,0
Fe Ge Mn,1
Ca Cu Sb Zn,0
Cu Eu Sb Zn,0
Cu Sb Sr Zn,0
Ge Hg Li,0
Ge Ho,0
Ge In Li,0
Ge Ir,0
Ge Ir La Pd,0
Ge Ir Nd,0
Ge Ir U,0
Ge La Ni,0
Ge La Pd,0
Ge La Pd Rh,0
Ge La Pt,0
Ge La Pt Rh,0
Ge La Pt Ru,0
Ge Li Mg,0
Ge Li Ni,0
Ge Li Pd,0
Ge Mg,1
Ge Mg Ni,1
Ge Mg Sn,1
Ge Mn Ni,1
Ge Mn Ni Ti,0
Ge Mn Rh,0
Ge Mn Sr,0
Ge Mn U,1
Ge Mn V,0
Ge Mn Zr,1
Ge Mo V,0
Ge Nb Pt,0
Ge Nd Os,0
Ge Nd Pd,0
Ge Nd Pt,0
Ge Nd Rh,0
Ge Ni Pr,0
Ge Ni Pt,1
Ge Ni Ta,1
Ge Ni Ti,0
Ge Ni U,0
Ge Ni Zn,0
Ge Os V,0
Ge Pd Tb,0
Ge Pd Th,0
Ge Pd U,0
Ge Pt Th,0
Ge Pt U,0
Ge Rh,0
Ge Rh Tb,0
Ge Rh Th,0
Ge Rh U,0
Ge Ru Tb,0
Ge Ru Y,0
Ge Sc,0
Ge Sn V,0
Ge Sr Zn,0
Bi Tl,0
Sb Sn,0
Cr Sb,0
Mn Sb,1
Al Ge Mg Y,0
Ge Tb,1
Ge Th,0
Ge Ti V,0
Ge U,1
Ge V,0
Ni Sb,0
Hg K Sb,0
Ho Pt Sb,0
Ho Sb,0
Dy Fe Ti,0
Er Fe Ti,1
Ni Zr,1
Mn Zr,1
Er Fe,1
Ga La Ni,1
Ge Lu Os,0
Ge Lu Rh,0
Ge Rh Y,1
Ge Ir Y,0
Ge Os Y,0
Ni Sn Ti,1
Co Ni Sn Ti,0
Cu Ni Sn Ti,0
Au Cd,1
Cd Cu Eu Sb,0
Ag Cd Eu Sb,0
Au Cd Eu Sb,0
Ca Li Zn,0
Al Ce Co Fe,0
Al Ce Co Mn,0
Al Ce Co Ni,0
Au Ba Ga,0
Ag Eu In,0
Dy Ga,1
Dy Ga Mn,1
Mg Nd Ni,1
Co Mg Nd Ni,1
Cu Mg Nd,1
Be Fe,1
Ba Pt Sb,0
Ni Sb Zr,0
Pd Sb Zr,0
Hf Ni Sb,0
Hf Pd Sb,0
Cr Ni Sb,0
Fe Hf Ni Sb,0
Al Co Ge Pd,0
Ba In Sb,0
Ca Mg Ni,1
Mg Ni Pr,1
Ce Ni,1
Ni Y,1
Bi U,0
Cr Ti,1
Fe Ti,1
Ge La Mn,0
Ce Sb,0
Nd Rh,1
Ge K Li,0
Cd Eu Sb Zn,0
Ni Sb V,0
Fe Ga Ge Sm,0
Fe Ga Ge Y,0
Ga Ge Ni Y,0
Ba Li Sr,0
Ag Ca Ge Mn,0
Al Ge Tb,0
Al Dy Ge,0
Al Ge Ho,0
Al Er Ge,0
Al Ge Tm,0
Al Ge Lu,0
Al Ge Y,0
Ga Nb,0
Ga Mo Ta,0
Nd Pd Sn,0
Gd Pd Sn,0
Ge Ir Sc,0
Au Sn Tb,0
Cd Eu Sb,0
Ca Mn Sb,0
Au Gd Mg,0
Cd Ni Y,1
Cd Pd Y,0
Cd Co Y,0
Cd Ru Y,0
Cd Er Ni,1
Cd Er Fe,0
Au Ce Sn,0
Al Ca Pd,0
Au Sn Sr,0
Al Au Pd Sc,0
Mg Ni Sn,0
Hg Sn Sr,0
Ce Pd Rh Sn,0
Au Ge Sr,0
Ga La Rh,1
Ag Ca Pt,0
Ca Mg Pd,0
Ca Ga Pt,0
Mg Pd Zn,1
Al Fe La,0
Ba Ge Ir,0
Ge Ir Sr,0
Eu Ge Ir,0
Ca Ge Ir,0
Co Gd,1
Cr Ga Ti,1
Cr Ga Zr,1
Cr Ge,0
Cr Ge Hf,0
Cr Ge Nb,1
Cr Ge Np,0
Cr Ge Sc,1
Cr Ge Ti,0
Cr Ge V,0
Cr Ge Zr,0
Cr Hf,1
Cr Ir,1
Cr Lu Mn,1
Cr Mn Sb,0
Cr Mn Ti,1
Cr Mn Ti Zr,1
Cr Mn Tm,1
Cr Mn Zr,1
Cr Mo,0
Cr Mo Ni,0
Cr Nb,1
Cr Nb Ni,1
Cr Ni,1
Cr Ni Ta,1
Cr Ni U,1
Cr Ni W,0
Cr Ni Y,1
Cr Ni Zr,1
Cr Os,0
Cr Pt Sb,0
Cr Re,0
Cr Rh,1
Cr Rh Sn,0
Cr Ru,0
Cr Ta,1
Cr Tc,0
Cr Ti Zr,1
Al Li Ni Zr,0
Ga Li Ni Zr,0
Fe Ge Li Nb,0
Al Co Li Ta,0
Co Ga Li Nb,0
Co Li Sn Zr,0
Co Hf Li Sn,0
Co Ge Hf Li,0
Co Cr Fe Sb,0
Pd Sc,1
Cu Ge Nd,0
Mn Sb Yb,0
Ni Th,1
Ag Th,0
Au Th,0
Cd Th,1
Al Th,1
Ir Sb,0
Li Pb,0
Be Rh,1
Bi Ca Ti,1
Bi Ni Sr,0
Ca Sb V,1
Au Ge Na,0
Cr Ge Mo,0
Al Ge Yb,0
In Pt Y,0
In Pt Zr,0
In Pu,1
In Rb,0
In Rh,0
In Rh Y,0
In Ru,1
In Sb Sn Zn,0
In Sm,1
In Sm Sn,1
In Sn,0
In Sn Tb,1
In Sn Tm,1
In Sn Y,1
In Sr,1
In Tb,1
In Th,1
In Ti,1
In Tl,0
In Tm,1
In U,1
In Y,1
In Yb,1
In Zr,1
Eu Ge Zn,0
Ge Mo Tb Ti,0
Cu Pr Sb,0
Cu Nd Sb,0
Al Gd Ge,1
Cu Hf Sb,0
Cu Ge U,0
Ni Sb Y,0
Ga Ge Lu Mn,1
Ga Ge Mn Tm,1
Ga Ge Ho Mn,1
Ge In La,0
Ba Ga Ge,0
Eu Ga Ge,0
Fe Ga Ge Sc,1
Ge Pt Tb,0
Er Ge Pt,0
Ge Ir Tb,0
Ge Ho Ir,0
Er Ge Ir,0
Cu Sb Tb,0
Gd Ge Mg,0
Au Ge Ho,0
Au Ge U,0
Ga Ge Sr,0
Bi Gd Sb,0
Ho In,1
Co Ho In,0
Al Er Fe,1
Au Bi La,0
Au Bi Ce,0
Au Bi Pr,0
Au Bi Nd,0
Au Bi Sm,0
Cu In,0
Pt Th,0
Co In Sb,0
Al Au Ir,0
Cu Ga Mo,0
Co Mg Tb,1
Cu Eu Sb,0
Al Pt Y,0
Al Ni Y,1
Al Pd Y,0
Al Cu Li Mg,0
Cd Ir,0
Cd Cu Ir,0
Bi Sr Ti,0
Ga Ir Sr,0
Ni Sb Sr,0
Ag Ca Ge,0
Cu Ge Ni,0
Cu Ge Ni U,0
Cu Ge Np,0
Cu Ge Pr,0
Cu Ge Sb,0
Cu Ge Sc,1
Cu Ge Sm,0
Cu Ge Sn,0
Cu Ge Sr,0
Cu Ge Tm,0
Cu Ge Y,0
Cu Ge Yb,0
Cu Ge Zn,0
Cu Ge Zr,0
Cu Hf,0
Cu Hf Sn,0
Cu Hf Zn,0
Cu Ho,1
Cu Ho In,1
Cu Ho Pb,0
Cu Ho Sn,1
Cu In La,0
Cu In Lu,0
Cu In Mg,1
Cu In Nd,0
Cu In Sm,0
Cu In Tb,1
Cu In Ti,0
Cu In Tm,0
Cu In Y,1
Cu In Yb,1
Cu La,1
Cu La Ni,1
Cu La Pb,0
Cu La Sn,0
Cu Lu,1
Cu Lu Sn,1
Co Pt,1
Al Ge Mg,0
Cr Ge Y,1
Cr Sn Y,0
Ru Sc,1
Ru Ti,1
Re W,0
Ta W,0
Fe Rh,0
Ba Bi Sb,1
Bi Ca Sb,1
Bi Sb Sr,1
Co Hf Sb,0
Hf Ni Sn,0
Co Sb Zr,0
Ni Sn Zr,1
In La,1
La Pb,1
Ga Mn,1
Ti U,0
Co Ge Lu Ti,0
Co Lu Sn Ti,0
Co Ge La Ti,0
Co La Sn Ti,0
Co Ge Sc Ti,0
Al Mn Y,1
Ga Mn Y,0
Mn Sn Y,1
Co Mg Y,1
Sn Zr,1
Co Fe Mn Sb,0
Cr Gd Ge Sn,0
Pu Rh,1
Ir Pu,1
Ru Sb,0
Rh Sb,0
Al Ba Ge,1
Ag Mg Zn,1
Ag K Sb,0
Ag Bi K,0
Sn Sr,1
Li Sb Zn,0
Bi In,0
Ca Sn,1
Sb Ti,0
Mn Sb Zn,0
Ga V,0
Pu Ru,1
Al Li,1
Ba Cd,1
Au Sm,0
Co Sm,1
Ca Sb,0
Cd Cu,1
Fe Zn,0
Au Pr,0
Mg Sb,0
Cd Sm,0
Mg Ni Y,1
Mg Y,1
Al Ru Yb,1
Al Ho Ir,1
Al Ho Ru,0
Ga Mo Sn,0
Bi Ho Pd,0
Au Os Zr,0
Au Ge Mn Nd,0
Li Na Sn,0
Ca Ge Li,0
Ca Ge Lu Rh,0
Ca Ge Mn,0
Ca Ge Rh,0
Ca Ge Ru,0
Ca Ge Zn,0
Ca Li Sb,0
Ge Os Tm Y,0
Cd Cu Sb,0
Cd Ge Li,0
Cd Li Sb,0
Cd Sb,0
Ce Cu Ge,0
Ce Ga Ge,0
Ce Ge Ni,0
Ce Ge Pd,0
Ce Ge Sc,0
Cf Sb,0
Cm Sb,0
Co Cr Ge Mn,0
Co Er Ge,1
Co Fe Ge,0
Co Ga Ge,0
Co Ge Ho,1
Co Ge Nb,1
Co Ge Nd,0
Co Ge Np,0
Co Ge Pr,0
Co Ge Sc,1
Co Ge Tb,1
Co Ge Ti,1
Co Ge U,1
Co Ge Y,1
Co Ge Zn,0
Co Ir Mn Sb,0
Mo Sn,0
Ba Ge Ru,0
Ge Ru Sr,0
Ge Rh Sr,0
Ba Ge Rh,0
Ba Ge Zn,0
Ba Cd Ge,0
In K Na Sb,0
Ba Cu Sb,0
Ga K Na Sb,0
Cu Mg Sb,0
Eu Ge Rh,0
Ge Rh Yb,0
Ge Ho Rh,0
Al Sb Sr,0
Al Ba Sb,0
Al Ge U,0
Mg Tm,1
Mn Pr,1
Er Mn,1
Ir La,1
Ce Mn Ni,1
Co Ga Sm,1
Fe Ti Y,0
Hf Rh,1
Hf Ir,1
Ba Ca Mg Sb Yb,0
Co Ge Sm,0
Al Mn Ni,1
Ge Pt Y,0
Ge Pr Pt,0
Ge Pt Sm,0
Ge Pt Tm,0
Ge In Ni Yb,0
Al Au Sr,0
Co Pd Zn,0
Au Mn Y,0
Au Gd Mn,0
Ga Ho Mn,1
Er Ga,1
Er Ga Mn,1
Ga Tm,1
Ga Mn Tm,1
Nb Pt,0
Gd In Ni,1
Gd In Pd,0
Al Ni Zr,1
Os U,1
Ir U,1
Pd Rh U,1
Pd U,1
Rh U,1
Al Ce Ni Ru,1
Bi K Zn,0
Ir Sn Yb,0
Mg Na Pb,0
Dy Mg Ru,0
Co Ni U,1
Co Ni V,1
Co Ni Y,1
Co Ni Zr,1
Co Np,1
Co Pr,1
Co Pr Sm,1
Co Pr Sm Zr,1
Co Pr Yb,1
Co Pr Zr,1
Co Pu,1
Co Re Zr,1
Co Rh Sn,0
Co Sb,0
Co Sb Sn,0
Co Sb U,0
Co Sb V,0
Co Sc Sn,0
Co Sm Sn,0
Co Sm Ti,0
Co Sm V,0
Co Sm Y,1
Co Sm Y Zr,1
Co Sm Zr,1
Co Sn,1
Co Sn Tb,1
Co Sn Th,0
Co Sn Tm,1
Co Sn U,1
Co Sn V,0
Co Sn Y,1
Co Sn Yb,0
Co Sn Zr,0
Co Ta,1
Co Ta Ti,1
Co Ta V,1
Co Cr In,0
Co In Mo,0
Co Nb Sn,0
Co In W,0
Al Ba Sn,0
Au Na Sn,0
Cd Sb Tl,0
Fe Ni Sb,0
Sb Sr Zn,0
Ag Na Sb,0
Cd K Pb,0
Co Ga Y,1
In Li,0
Li Tl,0
Ir Sc,1
Os Sc,1
La Sb,0
Pt Tb,1
Eu In Pt,1
Ca Cd Sb,0
Cd Sb Sr,0
Na Sb Zn,0
Cd Na Sb,0
Al Dy,1
Cs Sb,0
Al Ca Pt,0
Al Ca Ir,0
Al Eu Rh,0
Al Co Gd La Mg Ni,1
Rh Sc Sn,0
Er Ge Re,0
Co Mg,1
In K,0
In La Ni,1
In La Pt,1
In La Rh,0
In La Sn,1
In Li Mg,0
In Li Sn,0
In Lu,1
In Lu Pd,0
In Mg,1
In Mg Ni,0
In Mn Ni Sn,0
In Mn Pd,0
In Mn Pd Sb,0
In Mn Pd Sn,0
In Mn Rh,0
In Na,0
In Na Sn,0
In Nb,0
In Nd,1
In Nd Ni,0
In Nd Pt,1
In Nd Rh,0
In Nd Sn,1
In Ni,1
In Ni Pr,0
In Ni Sc,0
In Ni Sm,0
In Ni Sn,1
In Ni Tb,0
In Ni Ti,0
In Ni U,1
In Ni Y,0
In Ni Zr,1
In Pb,0
In Pb Sn,0
In Pb Tl,0
In Pb Y,1
In Pd,1
In Pd Sc,0
In Pd Ti,0
In Pd Tm,0
In Pd Y,0
In Pd Yb,0
In Pd Zr,0
In Pr,1
In Pr Tl,1
In Pt Sc,0
In Pt Tm,0
Ge Mo Rh,0
K Sb Tl,0
Au Cu Yb,1
Ag Cu Er,1
Au Cu Er,1
La Pt,1
Pt U,1
Hf Ru Sb,0
Ag Ge Li,1
Fe Hf Sn,1
Ca Ge Pt,0
Au La Sb,0
Au Ce Sb,0
Au Nd Sb,0
Ca Ge Sn,0
Eu Ge In Ir,0
Ba Ga Sn,0
Cd Eu Pd,0
Ce Ge Zn,0
Gd Ge Zn,1
Dy Ge Zn,0
La Pd Zn,0
Bi Ir,0
Au Nd Sn,0
Au Sm Sn,0
Eu Hg,1
Ge Tb Zn,0
Bi Mg Sm,0
Cd Ce Pt,0
Ce Fe Ge In,0
Ce Pd Ru Sn,0
Ba Cd Pt,0
Eu Sb Zn,0
Ag Ca Pd,0
Ca Mg Pt,0
Ca Ga Pd,0
Al Fe Zn,0
Ge Rh Tm,0
La Mg Sn,1
Co Mg Zn,1
Cr V,0
Cr V Zr,1
Cr W,0
Cr Zr,1
Cr Mo Zr,1
Cs Ge,0
Cs Mn Sb,0
Cs Pb,0
Cs Sn,0
Cu Dy,1
Cu Dy Ga,1
Cu Dy Ge,0
Cu Dy In,1
Cu Dy Pb,1
Cu Dy Sn,1
Cu Er,1
Cu Er Ga,1
Cu Er Ge,0
Cu Er In,0
Cu Er Ni,1
Cu Er Pb,0
Cu Er Pd,1
Cu Er Sn,0
Cu Eu,1
Cu Eu Ga,0
Cu Eu Ni,1
Cu Fe,0
Cu Fe Nd,1
Cu Fe Pr,1
Cu Fe Pt,0
Cu Fe Sm,1
Cu Fe Y,1
Cu Fe Yb,1
Cu Ga Gd,1
Cu Ga Hf,0
Cu Ga Ho,0
Cu Ga La,0
Cu Ga Lu,1
Cu Ga Mn,1
Cu Ga Nb,1
Cu Ga Nd,0
Cu Ga Pr,0
Cu Ga Sc,0
Cu Ga Sm,0
Cu Ga Tb,0
Cu Ga Ti,1
Cu Ga Tm,0
Cu Ga Y,1
Cu Ga Yb,1
Cu Ga Zr,1
Cu Gd,1
Cu Gd Ge,0
Cu Gd In,1
Cu Gd Mn,0
Cu Gd Ni,0
Cu Gd Pb,0
Cu Gd Sn,1
Cu Ge,0
Cu Ge Hf,0
Cu Ge Ho,0
Cu Ge La,0
Cu Ge Lu,0
Cu Ge Mg,1
Cu Ge Mn,1
Ba Bi K,0
Gd Ge Sc,0
Al Fe Ni,0
Al Np,1
Ga Np,1
In Np,1
Fe Ga Mn,1
Ag Mg,1
Gd Mg,1
Mg Sn,1
Cr Ge Mo Ti,0
Ge Mo Ti,0
Cr Mo Sn Ti,0
Mo Sn Ti,0
Fe Ni,1
Ca Pd,1
Ga In Rb,0
Cs Ga In,0
Ga In K,0
Ga Mo,0
Rh Y,1
Al Sr,1
Cs K,1
Ba Ge Mn,0
Ba Mn Sn,0
Ca Co Ge,0
Co Ge Sr,0
Ca Ge Ni,0
Ge Ni Sr,0
Ag Sn Sr,0
Al Mo Yb,0
Ge Pt,0
Al Fe Tb,1
Al Pt,1
Au In,0
Ag In,1
Be Sb,0
Al V,1
Au Sb Y,0
In Pt Sr,0
Co In Sc,1
Au Ga Sc,0
Ga Ni Sc,0
Ga Pt Sc,0
Ga Nb Rh,0
Fe Ga Nb,1
Gd Mg Os,0
Mg Os Sm,0
Ce Mg Os,0
Mg Nd Os,0
Al Ir Sc,0
Al Rh Y,0
Ga Gd In Pt,0
Ga In Pt Tb,0
Sb Sm,0
Sb Sn Ti,0
Sb Ta,0
Sb Tb,0
Sb Tm,0
Sb U,0
Sb V,1
Sb Y,0
Sb Zn,0
Ag Cd Sb,0
Ag Eu Sb,0
Ag Li Sb,0
Ag Sb,0
Al Ca Ge,0
Al Ge Sr,0
Al Ge W,0
Al K Sb,0
Al Na Sb,0
Al Ni Sb,1
Al Sb,0
Au Ca Sb,0
Au Cd Sb,0
Au Eu Sb,0
Au Ge Li,0
Au Ge Nb,0
Au Ge Th,0
Au Mn Pt Sb,0
Au Mn Sb,0
Ba Ca Ge,0
Ba Cd Sb,0
Ba Sb,0
Ba Sb Zn,0
Be Co Ge,1
Be Cu Ge,1
Be Fe Ge,1
Be Ge Ni,1
Bi Mn Sb,0
Bi Ni Sb,0
Bi Pd Sb,0
Bk Sb,0
Ca Cd Ge,0
Ca Cu Ge,0
Nb Ni,1
Ni Ta,1
Bi K,1
Bi Rb,1
Bi Cs,1
Al Nd,1
Al Re,0
Be Ce,0
Be Pr,0
Be Nd,0
Au Ba Cd,0
Au Ba Zn,0
Au Ba Sn,0
Nd Ni Sn,1
Nd Ni,1
Al Pr Tb,1
Ag Al Mg,1
Fe Lu Ru,0
Pd Sb U,0
Ag Al,0
Rh Zr,1
Be U,0
Co Ni Th,1
Bi Gd,0
Al Os Yb,0
Al Lu Os,0
Ca Eu Ge In,0
Ca Ge In Sr,0
Eu Li Sb,0
Bi Ca Li,0
Bi Li Sr,0
Bi Li Yb,0
Bi Eu Li,0
Ba Li Sb,0
Ba Bi Li,0
Ga Ta,0
Co Mn Mo,0
Co Mn Nd,0
Co Mn Pr,0
Co Mn Sm,0
Co Mn Sn,0
Co Mn Th,1
Co Mn Ti,0
Co Mn Y,1
Co Mn Yb,1
Co Mn Zr,1
Co Mo,1
Co Mo Ta,1
Co Mo V,1
Co Mo Zr,1
Co Nb Pt,1
Co Nb V,1
Co Nd,1
Co Nd Sn,0
Co Ni,1
Co Ni Pr,1
Co Ni Sm,1
Co Ni Ta,1
Co Ni Tb,1
Co Ni Ti,1
Co Ni Tm,0
Dy Mg,1
Ga Hf Rh Zr,0
Hf In Rh Zr,0
Ir W,1
Bi Cu,1
Ni Ti V,1
Ni V,1
Ti V,1
Fe Ge Nb,1
Fe Nb Sn,0
Fe Sn Ta,0
Ga Ir Mn,0
Al Cr Rh,0
Cr In Rh,0
Al Mn Rh,0
Ga Mn Rh,0
Al Cr Ru,0
Cr Ga Ru,0
Cr Ge Ru,0
Cr Ru Sb,0
Cr Ru Sn,0
Fe Ga Ru,0
Al Mn Ru,0
Ge Mn Ru,0
Ge Ru V,0
Co Ga Sc,1
Al Mn Os,0
Au Cu Mn,0
Ag Au Mn,0
Cu Mn Pt,0
Fe Ir Rh,0
Hf Re V,0
Hf Os V,0
Hg Sc Ti,0
Mn Ni Pd,0
Au Mn Pd,0
Mn Pd Pt,0
Mn Pd Rh,0
Au Mn Pt,0
Mn Pt Rh,1
Ir Mn Ru,0
Fe Mn Nb,0
Au Cr Pd,0
Cr Cu Pd,0
Cu Mn Pd,0
Hg Mn Pd,0
Cr Cu Pt,0
Mn Ni Pt,0
Mn Pt Sc,0
Cu Mn Rh,0
Hf Mn Ru,0
Mn Ru Ti,0
Fe Mn Ta,0
Os Ti V,0
Re Ti V,0
Ru Ti V,0
Fe Os V,0
Fe Re V,0
Fe Ru V,0
Os V Zr,0
Al Mg,1
Al Sm,1
Ge W,0
Cu Ge Li,1
Au La Mg,0
Ga Li,0
Al Eu Mn,0
Dy Ga Ni,1
Ga Ho Ni,1
Ce Ni Sb,0
Re V Zr,1
Co Eu Ga,0
Ca Ga Ni,0
Ir Zr,1
K Sb,0
Ga Mn Ti,1
Lu Tl,1
Ga Lu Ni,1
Ca Pr Sb Zn,0
Ca Nd Sb Zn,0
Ca Ce Sb Zn,0
Ca Gd Sb Zn,0
Ca Sb Sm Zn,0
Ca La Sb Zn,0
Bi Ce Co Fe Sb,0
Bi Co Fe La Sb,0
Ce Fe Sb,0
Al Ca Ge Sb Yb,0
Ce Co Ge Sn,0
Ga Mo Zn,1
Am Ni Sn,0
Ga Sr,0
Ce Cu Sb,0
Au In Na,0
Ag In Na,0
In Li Y,0
Bi K Pb,1
Ca Ge La,0
Ca Ce Ge,0
Al Th V,0
Ba Sb V,0
Eu Ga Pd,0
Eu Pd,1
Ce Ge Mg,0
Gd In,1
Eu Ga Li,0
Ge Rb,0
Nd Sb,0
Ce Rh Sn,0
Li Rh Sn,0
Dy Mn,1
Dy Mn Sn,0
Dy Mn Tm,1
Dy Nd,0
Dy Ni Sm,0
Dy Ni Sn,1
Dy Os,1
Dy Pd,1
Dy Pd Pt,0
Dy Pd Sb,0
Dy Pd Sn,0
Dy Pt,1
Dy Pt Sn,0
Dy Re,1
Dy Re Th,1
Dy Rh,1
Dy Rh Sn,0
Dy Ru,1
Dy Sb,0
Dy Sb Yb,0
Dy Sn,1
Dy Tc,1
Dy Th,0
Dy Tl,1
Dy Tl Zn,0
Dy Zn,1
Er Fe Ga,1
Er Fe Ge,1
Er Fe Mn,1
Er Fe Mo,1
Er Fe Re,0
Er Fe Ru,1
Er Fe Sm Ti,0
Er Fe Sn,1
Er Fe Tb Ti,0
Er Fe V,1
Er Ga Ir,0
Er Ga Ni,1
Er Ga Pd,0
Er Ga Pt,0
Bi Lu,0
Li Sb,0
Bi Li,0
Ag Mg Tm,0
Bi Ni Sc,0
Al Co Fe Ni,0
Co Fe Mn Ni,1
Co Hf Zr,0
Bi Hf Ir Zr,0
Bi Ir Zr,0
Hg In,0
Hg Sn,0
Fe In,0
Ga Re,0
Re Sn,0
Bi Sn,0
Al Ni,1
Fe Nd,1
Mg Yb Zn,0
Al Bi,0
Ag Au,1
Au Pd,1
Au Pt,1
Ni Pd,1
Ni Pt,1
Pd Pt,0
Co Sc V,1
Co Ti V,1
Co Hf V,1
Co Rh V,1
Co Ir V,1
Co Pt V,1
Co Cr Ga,0
Ca Rh,1
Er Ni Sn,0
Ho Mg Ru,0
Co Mn Zn,0
Ga Mo Sb,0
Ni Sb U,0
Co La,1
Fe Th,1
Ga Mg,0
Ni Pt Ti,1
Au Na Sb,0
Al Fe U,1
Fe Ga U,1
Al Ru U,0
Ga Ru U,0
Al Rh U,0
Al Ir U,0
Pd Ti,1
In Pt Pu,0
In Pu Rh,0
Ni Pu Sn,0
Pd Pu Sn,0
Am Pd Sn,0
Bi Ti,0
Al Ce Pt,1
Al Pr Pt,0
Al Nd Pt,1
Al La Mo,0
Nb Zn,1
Mo Zn,0
Ni Sn U,1
Fe Sn U,1
Bi Eu,0
Ce In Ir,0
Ce In Rh,0
Pb Ti,0
In Ir La,0
Ge Ir Mn,0
Cr Sb Zr,0
Ni Pr Sb,0
Nd Ni Sb,0
Ni Sb Sm,0
Co Ga Tb,1
Co Dy Ga,1
Co Ga Ho,1
Co Er Ga,1
Ce Ga Pd,1
Ba Ga,0
Au Hg,1
Rb Zn,0
Al Fe,1
Al U,1
Sn U,1
Ce Pt,1
Fe U,1
Mn U,1
Mn Th,1
Cd Sr,0
Ca Sn Sr,1
Ca Pb Sr,1
In K Mg,0
Al Er Ge Ni,0
Ir Li Sn,0
Ca Na Sn,0
Na Sn Yb,0
Li Sb Sr,0
Ga Ge Sm,0
Sb Sn U,0
Eu Pd Tl,0
In Rh Tb,0
Cr Ge Ho Mn,1
Tb Zn,1
Gd Mg Pb,0
Ge Os Yb,0
Ca Li Pb,0
Li Pb Yb,0
Ga La,1
Ga Mn Zn,0
Pt Sn Yb,0
Bi Cs In,0
Au In Yb,0
Eu In Pd,1
Ba Ge Mg,0
Ba Hg,0
Eu Ir Sn,0
Eu Ir,1
Au Ca In,0
Au In Sr,0
La Rh Sn,0
Pb Pt Yb,0
Ba K Sb,0
Ca In Rh,0
Ca In Ir,0
Au Ce In,0
Ca Pt Sn Yb,0
Ca Pt Sn Tm,0
Ca Er Pt Sn,0
In Rh Ti,0
In Ir,0
In Rh Sr,0
Ba In Rh,0
Fe Ge Sb,1
Eu In Rh,0
Li Rb Sn,0
K Li Sn,0
Au Mg Yb,0
Au Ho Mg,0
Au Eu Mg,0
Au Mg Pr,0
Ho In Pt,1
Ce Ir Sn,0
Au Cd Ce,0
Au Cd La,0
Au Cd Eu,0
Au Cd Yb,0
Ge Li Rb,0
Ce Ge Ir,0
Cu Mg Y,1
Fe Ge Sb Ti,1
Ag Mg Nd,0
Ag Eu Mg,0
Ag Ce Mg,0
Ag Mg Yb,0
Cd Gd Pd,0
Au Sn Yb,0
Ho Rh Sn,0
Ag Cd Eu,0
Eu Ga Zn,0
Sb Ti Zn,0
Pb Rb,0
Cs K Pb,0
Cs Na Pb,0
Ga V Zn,1
Ba Sn,0
Pt Sn Sr,0
Mg Pt Sm,0
La Mg Rh,0
Ce Mg Rh,0
Mg Pr Rh,0
Mg Nd Rh,0
Ce Ga Os,0
Ga Rh Zr,0
Ga Hf Rh,0
In Rh Zr,0
Mg Zn,1
Ce Mg Pt,0
Gd In Pt,1
Gd Mg Pd,0
Ag Gd Mg,0
Gd Mg Pt,0
Ga Ho Ru,0
Mg Ru Sn,0
Mg Rh Sn,0
In Pt Tb,1
La Ni Sn,1
Ge Ir Yb,0
Mg Pd Yb,0
Mg Nd Pd,0
Mg Pd Tb,0
Co Ga Hf,1
Ga Hf Ni,1
Ga La Mn Sb,0
In Pd Pr,0
In Nd Pd,0
In Pd Sm,0
In Rh Yb,0
Co In Yb,0
In Lu Rh,0
In Rh Tm,0
Er In Rh,0
Ho In Rh,0
In Rh Sm,0
Nd Sn,1
Bi In Na,0
Bi In K,0
In Ir Mg,0
Er Pd Sn,0
Dy Os Sn,0
Fe Ge Sc,1
Fe Ge Ta,0
Fe Ge Th,0
Fe Ge Tm,1
Fe Ge Y,1
Fe Hf Mo,0
Fe Hf Re,0
Fe Hf Ta,1
Fe Hf Ti,1
Fe Hf V,1
Fe Hf W,0
Fe Ho,1
Fe Ho Mn,1
Fe Ho Mo,0
Fe Ho Re,0
Fe Ho Sn,1
Fe Ho Tb,1
Fe Ho Ti,0
Fe Ho V,0
Fe In Pr,0
Fe Ir,1
Fe La Ni,1
Fe La Sn,0
Fe La Th,1
Fe Lu,1
Fe Lu Sn,1
Fe Lu Th,1
Fe Lu Ti,0
Fe Lu V,0
Fe Mn,0
Fe Mn Y,1
Fe Mn Nd,0
Fe Mn Ni,0
Fe Mn Pt,1
K Sb Sn,0
Fe Sc Sn,0
Cr Sn Ti,0
Al Mn Ti,1
In Mn Ti,0
Sb Ti V,0
Al Cr Sc,1
Cr Ga Sc,0
Cr In Sc,0
Cr Sc Sn,0
Ge Mn Sc,1
Ge Sc V,0
In Sc V,0
Sc Sn V,0
Co Ga Ti,1
Co In Ti,0
Fe Ga Ti,1
Fe In Ti,0
Fe Sn Ti,0
Ge Mn Ti,0
Mn Sn Ti,0
Ga Ni Ti,1
Sn Ti V,0
Al Mn V,0
Ga Mn V,0
Co Cr Ge,0
Cr Ga Mn,0
Cr Ge Mn,0
Cr Ge Ni,1
Al Fe Mn,0
Co Sb Sc,0
Cr Sb Sc,0
Al Fe Sc,1
Fe Ga Sc,1
Fe In Sc,0
Al Mn Sc,0
In Mn Sc,0
Mn Sb Sc,0
Al Ni Sc,1
Ni Sc Sn,1
Al Sc V,0
Sb Sc V,0
Al Cr Ti,1
Cr In Ti,0
Cr Sb Ti,0
Mn Sb Ti,0
Al Ti V,0
Ga Ti V,0
Al Fe V,0
Fe Ga V,0
Mn Sn V,0
Bi Ca Na,0
Al Pu W,0
Al Ca Fe,0
Ce Ga Ir,0
Lu Ni Sn,1
Ce Cu Mn,1
Mn Ni Sm,1
Co Cu Ge U,0
Ce Ge Mn,0
Ag Ce Sn,0
Ag Pr Sn,0
Ag Nd Sn,0
Ag Sn Tb,1
Ag Dy Sn,1
Ag Ho Sn,1
Ag Er Sn,1
Ce Cu Ni,1
Dy In Ni,1
Ho In Ni,0
Er In Ni,1
Al Rh,0
Bi Cm,0
Cm Ni,1
Cm Pt,1
Cm Ir,1
Cm Rh,1
Ge La Rh,0
Ge La Ru,0
Dy Ge Rh,0
Dy Ge Ru,0
Ga Mn Sn Zr,1
Ge Os,0
Al Ge Ni Tb,0
Ce Ni Sn,1
Ce Cu,1
Al Ce Ti,0
Al Ce Mo,0
Ca Cu Ga,0
Ag Ca Ga,0
Al Mg Na Zn,0
Al Dy Ti,0
Au Ni Sn,0
In Na Ni,0
Al Nd Pd,1
Mn Pd,1
Mn Sn,1
Ag K,1
Bi Mn Ti,0
Bi Fe Ti,0
Bi Co Ti,0
Bi Ni Ti,0
In Ni Pu,0
Ce In,1
Pd Zn,0
Ca Ge Sr,0
Fe Sb U,0
Ce Pd Sn,0
Cs Na Sn,1
Cs Na Rb Sn,0
Na Sn Sr,0
Cd Na Sn,0
Cs Ge Zn,0
Cd Na Pb,0
Ba Li Sn,0
Na Rb Sn,0
K Na Sn,0
Cd K,0
Cd Na,0
K Pb,1
Hg Rb,1
Cs Hg,0
Hg K,1
La Ni Y,1
Ce La Ni Y,1
Ce Ni Y,1
Li Sn,1
K Sn,1
Ag Ba,1
Cd In K Na,0
Cd K Na Tl,0
Al Gd Pd,1
Al Ba Zn,1
Ga Ni Yb,1
In Mn Sn Tm,1
Al Ga Y,0
Cd Pt Sr,0
Al Dy Ru,0
Gd Mg Sn,0
Al Au Ce,0
Al Au Gd,0
Al Au Tb,0
Al Au Pr,0
Al Au Lu,0
Al Au Ho,0
Al Au Nd,0
Al Au Dy,0
Al Au Er,0
Al Au Yb,0
Al Au Sm,0
Al Au Tm,0
Ni Sb Yb,0
Cd Ga Li,0
Ge In K,0
Cd Cu Ga Na,0
Al Cr Tb,0
Al Cr Er,0
Al Cr Ho,0
Al Cr Lu,0
Cd K Tl,1
Cu Ga In Li,0
Al Mo,0
Ge In Yb,0
Ag Al La,1
Al Fe Lu,1
Fe Nd Sn,0
In K Na Tl,0
Al Pd Ru,0
Eu Sn Zn,0
Ag Eu Sn,0
Hf In Ni,0
Co In,0
Ca In Pd,0
Co Hf Sn,0
Ge Li Mg Sr,0
Mg Pb,0
Rb Sn,0
Au Pb Yb,0
Pt Sc Zn,0
Ca Cd La Sb,0
Cd Pd,0
Ca Cd Pd,0
Au Cd Tb,0
Al Au Ba,0
Fe Mo Sb,0
Au Y Zn,0
Eu Tl,1
Eu Zn,1
Fe Ga Ho,1
Fe Ga La,0
Fe Ga Lu,1
Fe Ga Mn Sm,0
Fe Ga Nd,0
Fe Ga Ni,1
Fe Ga Pr,0
Fe Ga Sm,1
Fe Ga Tb,1
Fe Ga Tm,1
Fe Ga Y,1
Fe Ga Yb,1
Fe Ga Zr,1
Fe Gd Ge,1
Fe Gd Mn,1
Fe Gd Mo,0
Fe Gd Sn,1
Fe Gd V,0
Fe Gd W,0
Fe Gd Y,1
Fe Ge Ho,1
Fe Ge Li,1
Fe Ge Lu,1
Fe Ge Mo,1
Fe Ge Np,0
Al Co Tc,1
Al Co Os,1
Al Co Pd,1
Cr Fe Mn V W,0
Al Cu Mn Ni,0
Cu Mn Ni Sn,0
Fe Nb Sb,0
Pd Tb,1
Ir Nd,1
Ce Ge Ru,0
Al Ge Mn,0
Co Ga In Sb,0
Ge La Mo,0
Al Nd Re,0
Ge Tm Zr,0
Ge Hf Ho,0
Ga Ni Sm,1
Fe Sn,1
In Pd Sb,0
Ba Sb Sr,0
Rh Sb Tb,0
Ir Sb Sm,0
Bi Rh Sm,0
Bi Dy Rh,0
Ga La Sb Sn,0
Ni Sc Sn Ti,0
Al Ce Ge Ni,0
Rh Sb Ti,0
Nd Pt Sb,0
Pt Sb Sm,0
Eu Ga Ge Sr,0
Fe Sm,1
La Mn Ni,1
Er Ge Ru,0
Ce Co Fe Sb,0
Ce Co Sb,0
Ce Fe Sb Yb,0
Fe Sb Yb,0
Ge Li Pr,0
Ce In Ni,1
Ga Ru Tm,0
In Lu Ni,0
Ce Cu Sn,0
Co Ga Pr,1
Ga Mn Ni,1
Al Co Lu Y,1
Dy Ge Mn,1
Fe Ni Th,1
Re Ti,0
Ni Sn,1
Mn Y,1
Ag Gd,0
Os V,0
Al Er,1
Au Pb,1
Au Ga,0
Ce Mg,1
Ag Ce,0
Ag La,1
Gd Mn,1
Au Cs,0
Au Rb,0
Au Li,1
Ce Ru,1
Au Nd,0
Al Fe Yb,1
Dy Fe Sn,1
Pd Sn Yb,0
Mg Sm Zn,0
Gd Mg Zn,0
Ag Ga,0
Ir Sn Zr,0
Au Cu,1
Pr Sn,1
Pb Pr,1
Au Zn,0
Ni Sb Tb,0
Ho Ni Sb,0
Hg Na,0
Sb Sn Th,0
Ce Ge Ir Rh,0
Ce Co Sn,0
Co La Sn,0
Ca Sb Sr,0
Al Gd Ru,0
Al Ru Tb,0
Eu In Ir,0
Mg Na Sn,0
Au Bi Gd,0
Au Ga Sr,0
Ca Cu In,1
Al Cs Tl,0
K Tl,0
Al Ni Yb,1
Ca Cd Ga,0
Cd Ga Sr,0
Ba Cd Ga,0
Al Pd Yb,0
Al Gd Ir,0
Rb Tl,1
Ga In Na,0
Co In Tb,0
Au Ga Na,0
Ca Mg,1
Pt Zn,1
Al K Na Sb,0
Ge K,1
Ba Eu Ge Pt,0
Eu Ge Pt,0
Rh Sb Yb,0
Ga Mg Nd,1
Ga Mg Tm,1
Ga Mg Sm,1
Au Cu Sn,0
Ce Ge In,0
Cd Sb Sm,0
Au Cd Pr,0
Fe Ni Ti,0
Fe Ni Ti Y,0
Fe Ni U,1
Fe Ni Y,1
Fe Ni Zr,1
Fe Np,1
Fe Pd,1
Fe Pr,1
Fe Pr Sb,0
Fe Pr Sn,0
Fe Pr Th,1
Fe Pr Tl,0
Fe Pt Sb,0
Fe Pu,1
Fe Re,0
Fe Re Sm,0
Fe Re Tb,0
Fe Re Tm,0
Fe Re U,0
Fe Re Y,0
Fe Re Zr,1
Fe Rh Sn,0
Fe Ru,0
Fe Ru Sc,1
Fe Sb Zr,0
Fe Sc,1
Fe Sc Th,1
Fe Sc Ti,1
Fe Sc Zr,1
Mo Ta W,0
Mo Nb Ta V,0
Nb Ta V W,0
Mo Nb V W,0
Mo Ta V W,0
Mo Nb Ta W,0
Co Fe,1
Co Cr,1
Co Fe Ni,0
Co Cr Fe,0
Cr Fe Ni,0
Co Cr Ni,0
Co Cr Fe Ni,0
Co Cr Fe Mn Ni,0
La Ru,1
Al Fe Ta,1
Fe Ga Ta,0
Fe In Ta,0
Be Ti,1
Al Ni Re,1
Al Ni W,1
Al Mo Ni,1
Al Ni Ru,1
Al Ni Ta,1
Al Ni Re W,1
Al Mo Ni W,1
Al Mo Ni Re,1
Al Ni Ta W,1
Al Ni Re Ta,1
Al Ni Ru W,1
Al Ni Re Ru,1
Rh Sm,1
Os Pu,1
La Mg Y,1
K Na Tl,0
Li Na Sb,0
Li Sn Tm,0
Li Sm Sn,0
Mg Pt,1
Mg Rh,0
Mn Ni Pt Sb,0
Ni Sn Th,0
Ni Sn Th U,0
K Na Sb Sn,0
Li Sn Yb,0
Mg Pd Y,0
Mn Sc Tb,1
Mn Sn Tb,1
Mn Tb,1
Nb Rh,1
Nd Pd Ru,1
Nd Pr Sb,0
Ni Pr Zn,0
Ni Ru Sm,1
Ni Sn Tb,1
Np Sb,0
Np Zr,0
Pb Pd Y,0
Pb Pt,1
Pb Sr Zn,0
Pb Yb,1
Pb Zn Zr,0
Pb Zr,0
Pd Pr Zn,0
Pd Sb Tm,0
Pd Sn Tb,0
Pd Sn U,0
Pd Tm,1
Pd U Y,1
Pd Zr,1
Pr Rh Sn,0
Mn Nd,1
Pd Pr Sn,0
Fe V Y,0
Fe U Zn,0
Au Mn Sn,0
Co In Tm,0
Ca Ni,1
In Pd Tb,0
Ho In Pd,0
Er In Pd,0
Ag Fe Pr,0
Au Fe Pr,0
Ru Sn,0
Al Fe Mo,0
Ni Np Sn,0
Ag Al Sm,1
Au Ca,1
Al Fe Y,1
Al Fe Nd,1
Cd Ce Cu,1
Ce In Pt,1
Bi Co Hf,0
Co Lu Sn,1
Co Gd Sn,1
Al Cu Ru,0
Ag Al Y,0
Er Sn,1
Co Dy Sn,1
Ga Pd Tb,0
Dy Ga Pd,0
Ga Ho Pd,0
Cu Hf In,0
Cd Ce,1
Nd Sn Zn,0
Au Cr Sn,0
Os Sn,0
Ni Pd Sn,0
Ho Ni Pb,0
Ni Pb Y,0
Ga Gd Mg,1
Gd In Mg,1
Au Ga Rb,0
Ni Sn Yb,0
Ni U,1
Co Gd In,0
Ga Ge Mn Tb,1
Ge Mn Yb,1
Er Ga Ge Mn,1
Dy Ga Ge Mn,1
Ge Rh Sm,1
Ag Dy Sb,0
Ga Ge Mn Sc,1
Ag La Sb,0
Co Ga Ge Y,0
Eu Fe Sb,0
Fe Sn Yb,1
Ce Co In,0
Ge Mo Sc,0
Ag Al Dy,0
Al Ge Sm,0
In Mg Rb,1
In K Mg Rb,1
Ca Li Mg Sb,0
Ge La Zn,0
Ge Pr Zn,0
Ca Cu Sn,0
Gd In Mn,1
Ag Cu Zr,1
Ho Ni Sn,0
Ce Mg Sb,0
Ce Mg Sn,0
La Mg Sb,0
Gd In Sn,1
Cd Eu,0
Eu Ga Mg,0
Al Au Ce Ge,0
Au Ca Zn,0
Ce Co Ga,1
Er Ga Rh,0
Er Ga Ru,0
Er Ga Ti,0
Er Ga Zn,0
Er Gd,0
Er Gd Mn,1
Er Gd Ni,0
Er Ge La,0
Er Ge Os,0
Er Ge Pd,0
Er Ge Rh,1
Er Hg,1
Er Ho Mn,1
Er In,1
Er In Pt,1
Er In Zn,0
Er Ir,1
Er Ir Sn,0
Er Li Sn,0
Er Mg,1
Er Mn Ni,1
Er Mn Pr,1
Er Mn Sm,1
Er Mn Sn,0
Er Ni Ru,1
Er Ni Sm,0
Er Ni Y,1
Er Os,1
Er Pb,1
Er Pd,1
Er Pt,1
Er Pt Sn,0
Er Re,1
Er Re Th,1
Er Rh,1
Er Rh Sn,0
Er Ru,1
Na Sb,0
Bi Na,1
Ge Na,0
Na Pb,1
Na Tl,1
Mo Ni,1
Nb Os,0
Al Pt Sr,1
Al Eu Pt,0
Ge La Mg,0
Ag Ge La,0
Ge La Li,0
Ba Cu Zn,0
Eu Mn Sb,0
Cu Hg,0
Bi Fe Gd,0
Al La Pr,1
Al La Sc,1
Al La U,1
Al La Y,1
Al La Yb,1
Al Li Mg,0
Al Li Sn,0
Al Lu,1
Al Lu Ni,1
Al Lu Yb,1
Al Mg Y,1
Al Mg Zn,1
Al Mn Pd,0
Al Mn Pr,1
Al Mn Pt,0
Al Mn Tb,1
Al Mn Th,1
Al Mn U,1
Al Mn Zn,0
Al Mo Nb,0
Al Mo Ti,0
Al Mo Zr,1
Al Nb,1
Al Nb Ni,1
Al Nb Sb,0
Al Nb Ta,0
Al Nb V,0
Al Nb Zn,1
Al Nb Zr,1
Al Nd Pr,1
Al Ni Pd,1
Al Ni Pr,1
Al Ni Pt,1
Al Ni Sn,1
Al Ni Tb,1
Al Ni V,1
Al Ni Zn,1
Al Sb V,0
Al Os,0
Al Os U,1
Al Pd,1
Al Pd Ti,1
Al Pd Zr,1
Al Pr,1
Al Pr Y,1
Al Pt Tb,1
Al Pt Zr,1
Al Pu,1
Al Ru,1
Al Ru Sc,1
Bi La Li,0
Bi Li Nd,0
Bi Li Sm,0
Bi Li Tb,0
Bi Gd Li,0
Bi Ce Li,0
Bi Li Pr,0
Bi Fe La Sb,0
Ge Sb Yb,0
Eu Li Sn,0
Eu Li Mg Sn,0
Li Mg Sn Sr,0
Ga Sm,1
Ba Ge Mg Sr,0
Ge In La Ni,0
Al Ge Ti,0
Ag Ge Sc,0
Ge Pd Sc,1
Ge Pt Sc,0
Ge Rh Sc,0
Au Er Sn,0
Mg Sb Sm,0
Bi Mg Yb,0
Bi Eu Mg,0
Cd Eu Pt,0
Fe Ge In Pr,0
Ga Rh Sr,0
Cu In Sb,1
Ga Ir Ta,0
Ga Pd Sc,0
Ga Ir Nb,0
Dy Er Mn,1
Dy Eu Sb,0
Dy Fe,1
Dy Fe Re,1
Dy Fe Ga,1
Dy Fe Ge,1
Dy Fe Mn,1
Dy Fe Mo,0
Dy Fe Ni,1
Dy Fe Th,1
Dy Fe V,0
Dy Ga Ir,0
Dy Ga Pt,0
Dy Ga Rh,0
Dy Ga Ru,0
Dy Ga Ti,0
Dy Ga Zn,0
Dy Gd Ni,0
Dy Ge Ir,0
Dy Ge Os,0
Dy Hg,1
Dy Ho,0
Dy In,1
Dy In Pd,0
Dy In Pt,1
Dy In Zn,0
Dy Ir,1
Dy La,0
Dy Li Sn,0
Al Co Cr Fe,0
Ga V Zr,1
Ga Mn Pd,0
Co Fe Rh,0
Fe Pt Rh,0
Fe Mn Rh,0
Al Ir Ti,0
Ga Ir Ti,0
In Ir Ti,0
In Lu Pt,0
Bi Mn,0
Ge Ir Ta,0
Th Zn,1
Co Ga Nd,1
Ga Ni Pr,1
Ga K,0
Co Ga Yb,0
Mn Rh Sb,0
Mg Sn Yb,1
Rh Sn U,0
Ru Sn Y,0
Sn Sr Zn,0
Sn Tb,1
Li Pd Tl,0
Li Pr Sn,0
Li Nd Sn,0
Li Sb Zr,0
Au Nb,0
Bi Nd Ni,0
Ag In Yb,0
Ag Ca In,0
Al Co La Mn Ni,1
Al Eu Ta,0
Cu Sn Ti,0
Ce Co,1
Cu Nd Ni,1
Cu Dy Sb,0
Cu Eu Ge,0
Ba Bi In,0
Mn Sn Zr,1
Hf Mn Sn,1
Al Pd Tb,0
Au In Tb,0
Au Dy In,0
Au Ho In,0
Al Cr Th,0
Bi Pd,0
Ag Ca,1
Sr Zn,1
Ag Sr Zn,0
Al Fe Th,1
Al Fe Np,0
Ca Ga,0
Ir V,1
Ce Ga,1
Au Pr Sn,0
Au Dy Sn,0
Au Ho Sn,0
Co Ge Mn Pr,0
Eu Ru Sb,0
Eu Os Sb,0
Mn Nd Sn,1
Fe Mn Nd Sn,0
Ag Dy In,1
Al Ce Ge,1
Gd Ge,0
Ga Li Rh,0
Bi Ca In,0
Au Ba Tl,0
Au Ba In,0
Ba Hg In,0
Ag In Sr,0
Ag In Li,0
Ga La Pd,1
Lu Ni,1
Ce Cr,0
Gd Mg Ni,1
Ce Ru Sn,0
Ag Sn Tm,1
Ca Ge Mg,0
Ag Sn,0
Ga Ge Ni Sm,0
Ga Ge Ho Ni,0
Ga Gd Ge Ni,0
Dy Ga Ge Ni,0
Eu In Sb,0
Ba Eu Mn Sb,0
Pd Sb Yb,0
Ga Ru Sm,0
Bi Ca K,0
Cu Eu Sn,0
Al Li Sb Sr,0
Mg Sb Yb,0
Mg Yb,1
Ge Ir Lu,0
Eu Mg Pd,0
Fe Yb,1
Fe Ge In Nd,0
Fe Ge In Sm,0
Fe Gd Ge In,0
Ce Co Ge In,0
Co Ge In Pr,0
Co Ge In Nd,0
Co Ge In Sm,0
Co Gd Ge In,0
Ce Ge In Ru,0
Ge In Pr Ru,0
Ge In Nd Ru,0
Ge In Ru Sm,0
Gd Ge In Ru,0
Ge In Ru Tb,0
Dy Ge In Ru,0
Ge Ho In Ru,0
Er Ge In Ru,0
Ge In Rh Sm,0
Ge In Rh Tb,0
Mg Ru Sc,0
Er Tc,1
Er Th,0
Er Tl,1
Er Tl Zn,0
Er Zn,1
Er Zr,0
Eu Fe,0
Eu Ga,0
Eu Ga Ni,0
Eu Gd Ge,0
Eu Gd Sb,0
Eu Ge Os,0
Eu Ge Pd,0
Eu Ge Pr,0
Eu Ge Ru,0
Eu In,0
Eu In Ni,1
Eu Mg,1
Eu Mn,0
Eu Ni,1
Eu Ni Sb,0
Eu Pb,1
Eu Pb Zn,0
Eu Pd Sb,0
Eu Pt,1
Eu Re,1
Eu Rh,1
Eu Rh Sn,0
Fe Mn Ni Zr,1
Co Fe Sb Ti,0
Co Sb Sn Ti,0
Ga Ni,1
Ag Ni,0
Al Fe Rh,0
Co Mg Nd,1
Au Pb Y,0
Al Sc,1
Al Sc Zr,1
Ga Li Sn,0
Al Co W,1
Al Co Pt,1
Al Co Re,1
Al Co Ir,1
Al Co Rh,1
Dy Mg Os,0
Mg Os Tm,0
Ir Mg Y,0
Ni Sn Tm,0
Al Ce Rh,0
Al Pr Rh,0
Al Cu Er Ni,0
Ge Ru Zr,0
La Zn,1
Pr Zn,1
Mg Th,1
Pr Ru,1
Pr Pt,1
Hf Re,1
Hf Os,1
Ru Y,1
Re Y,1
Os Y,1
Os Pr,1
Nd Os,1
Os Sm,1
Gd Ru,1
Lu Ru,1
Lu Os,1
Al Zr,1
Ni Pu,1
Pd Th,1
Ga Th,0
Ag Dy,0
Be Re,1
Rh Th,1
Ga Sc,1
Ga Y,1
Os W,0
Li Rh,0
Au Mn,0
Al Y,1
Al Tb,1
Ga Sn V,0
Ag Zn,0
Au Cu Zn,0
Au Be,1
Be Cr,1
Be V,1
Be Nb,1
Sb Yb,0
Be Co,1
Mg Tl,0
Cd Pt Zn,0
Ag Mg Sn,0
Al Li Mg Zn,0
U Zr,0
Mo U,0
Nb U Zr,0
Ru Th,1
Os Th,1
Ir Th,1
Gd Pt,1
Fe Y,1
Ir Sn,1
Ca Cd Mg,1
Al Cu Zn,0
Hg Pt,0
Be Hf,1
Al Zn,0
Nb Sn,0
Hf Mo Sb,0
Ge In Sm,0
Gd Ge In,0
Ge In Tb,0
Dy Ge In,0
Ge Ho In,0
Gd Ni Sb,0
Ca Eu Mn Sb,0
Eu Mn Sb Sr,0
Eu Mn Sb Yb,0
Ge Sb Zr,0
Ge Hf Sb,0
Al Gd Ta,0
Fe Sb Sm,0
Ba Eu Ge,0
Eu Mg Sb,0
Ir Mg Sn,0
In La Pd,0
In Pt Yb,0
Ce Ga Mg,0
In Pr Pt,1
Ag In K,0
Ba Ga Li Sb,0
Al Ba Ca Sb,0
Ba Ca Ga Sb,0
Ce Ru Zn,0
Eu Pd Sn,1
Gd Ni Sn,1
Er Ge Zn,0
Mo Ni Sb,0
Al Ce Ge Ir,0
Fe Mn Sm,0
Fe Mn Sn,0
Fe Mn Tb,1
Fe Mn Ti,1
Fe Mn Ti Zr,1
Fe Mn Tm,1
Fe Mn U,1
Fe Mn Zr,1
Fe Mo,1
Fe Mo Nd,0
Fe Mo Sm,0
Fe Mo Tb,0
Fe Mo Tm,0
Fe Mo U,0
Fe Mo Y,1
Fe Mo Zr,1
Fe Nd Ni,1
Fe Nd Re,0
Fe Nd Ti,0
Fe Nd V,0
Fe Nd W,0
Fe Ni Pr,1
Bi Ni Y,0
Ni Pb Zr,0
Bi Co Zr,0
Co Cr Fe Mn,0
Hf Nb Ti V Zr,0
Nb Ti V Zr,0
Mo Nb Ti V,0
Nb V,0
Ta V,1
Mo V,0
V W,0
Nb Ta,0
Mo Nb,0
Nb W,0
Mo Ta,0
Mo W,0
Nb Ta V,0
Mo Nb V,0
Nb V W,0
Mo Ta V,0
Ta V W,0
Mo V W,0
Mo Nb Ta,0
Nb Ta W,0
Mo Nb W,0
Ag Ge Sr,0
Ag Ba Ge,0
Co Ge Li,1
Li Ni Sn,0
Cd Ge Sr,0
Ag Ba Sn,0
Au Ca Ge,0
Al Pb Sr,0
Be Ca Ge,0
Ba Sn Zn,0
Be Ge Sr,0
Ag Ba Ga,0
Ag Ca Sb,0
Ag Ce Ge,0
Ag Cu Sm,1
Ag In Tb,1
Ag Sb Sr,0
Bi Ca Cu,0
Al Sm U,1
Al Sn V,0
Al Ta,1
Al Ta Ti,0
Al Ta Zn,1
Al Tb Zr,1
Al Tc,0
Al Tm,1
Fe Sb Sc,0
Fe Sb Y,0
Fe Lu Sb,0
Dy Fe Sb,0
Fe Ho Sb,0
Fe Sb Tm,0
Bi Fe Ho,0
Cu Ho Sb,0
Ca Fe Ge Mn,0
Ga Ge Mn Yb,1
Mn Sn Tm,1
Ga Mn Sn Tm,1
Mn Sn Ti Y,1
Gd Ge Ti,0
Gd Ge Mn Ti,0
Mn Ti V,1
Mn Ti V Zr,1
Ni V Zr,1
Ni Ti Zr,1
Co Eu Fe Sb,0
Cs Ga Sb,0
Ga Rb Sb,0
W Zr,1
Ga In Sr,0
Ge Hf Nb,0
Ge Hf Pt,0
Cu Ga W,0
Cu Ga V,0
Cd Co Tb,0
Al Ba Ga,0
Al Ba In,1
Ba Ga In,0
Al Ca In,1
Ca Ga In,0
Al In Sr,0
Ge In La Li,0
Ce Ni Ru Sn,0
Au La Sn,0
Fe Sm Sn,0
Fe Sm Tb,1
Fe Sm Ti,0
Fe Sm Ti V,0
Fe Sm V,0
Fe Sm W,0
Fe Sm Y,1
Fe Sm Zr,1
Fe Sn Tb,1
Fe Sn Tm,1
Fe Sn V,1
Fe Sn Zr,0
Fe Ta,1
Fe Ta Ti,1
Fe Ta W,1
Fe Ta Zr,1
Fe Tb V,0
Fe Tb W,0
Fe Tc,0
Fe Th Y,1
Fe Ti V,1
Fe Ti Zr,1
Fe Tm,1
Fe Tm V,0
Fe V,0
Ge Pd,0
Ga Ru,0
Hg Mn,0
Ge Re,0
Ag Mg Sb,0
Cd La,1
Cr Ga Ni,1
Cr In Ni,0
La Sn,1
Sn Y,1
Pb Y,1
Tl Y,1
Fe Ge Ru Ti,0
Fe Ru Sn Ti,0
Al Fe Ru V,0
Fe Ga Ru V,0
Fe In Ru V,0
Fe Ge Ru V,0
Fe Ru Sn V,0
Al Cr Fe Ru,0
Cr Fe Ga Ru,0
Cr Fe Ge Ru,0
Cr Fe Ru Sn,0
Al Fe Mn Ru,0
Fe Ga Mn Ru,0
Cd Gd,1
Bi Ti V,0
Cr Ni Sn,0
Co Fe Ge Zr,0
Co Fe Sb Zr,0
Al U Y,1
Al U Zr,1
Al W,1
Al W Zr,1
Al Y Yb,1
Al Yb,1
Al Zn Zr,1
Ag Er,0
Am Bi,0
Am Ir,1
Am Pd,1
Am Pt,1
Am Rh,1
Ag Er In,0
Ag Er Pb,1
Ag Eu,1
Ag Ga Li,0
Ag Ga Mg,0
Ag Ga Pr,0
Ag Ga Y,0
Ag Gd In,0
Ag Gd Pb,0
Ag Gd Sn,1
Ag Gd Tl,0
Ag Gd Zn,0
Ag Ge,0
Ag Hg Ti,0
Ag Ho,0
Ag Ho In,0
Ag In La,0
Ag In Mn Pd,0
Ag In Nd,0
Ag In Pr,0
Ag In Sc,0
Ag In Sm,0
Ag In Tm,0
Ag In Y,0
Ag La Pb,0
Ag La Sn,0
Ag Li,0
Ag Li Mg,0
Ag Li Pb,0
Ag Li Tl,0
Ag Lu,0
Ag Mg Pd,0
Ag Mg Pr,0
Ag Mg Sm,0
Ag Na,1
Ag Nd,0
Ag Nd Pb,0
Ag Pb Yb,0
Ag Pd,0
Ag Pd Sr,1
Ag Pd Tb,0
Ag Pr,0
Ag Pt,1
Ag Sc,0
Ag Sm,0
Ag Sm Sn,0
Ag Sn Yb,0
Ag Sr,1
Ag Tb,0
Ag Tb Zn,0
Ag Ti,1
Ag Tm,1
Ag Y,0
Au Tm,0
Au Yb,0
Ag Zr,1
Au Ba,1
Au Bi Li,0
Au Cd In Sn,0
Au Cd Mg,0
Au Cd Sn,0
Au Cd Zn,0
Au Ce In Y,0
Au Cr,0
Au Cr Nb,1
Au Cu Ga,0
Au Cu Ni,0
Au Cu Pd,0
Au Cu Pt,0
Au Dy,0
Au Dy Pb,0
Au Er,0
Au Er In,0
Au Er Pb,0
Au Eu,1
Au Fe,1
Au Fe Nb,0
Au Fe Pd,1
Au Ga Li,0
Au Ga Pd,0
Au Gd,0
Au Gd In,0
Au Gd Pb,0
Au Gd Sn,0
Au Hf,0
Au Hf In,0
Au Hg Mg,0
Au Hg Mn,0
Au Ho,0
Au Ho Pb,0
Au In La,0
Au In Li,0
Au In Lu,0
Au In Nd,0
Au In Pd Y,0
Au In Pr,0
Au In Sc,0
Au In Sm,0
Ba Bi Mn,0
Cd Ni Pr,1
Co Gd Mg,0
Mg Rh Sm,0
Gd Pt Sn,0
Pt Sn Tb,0
Er Pd Zn,0
Fe V Zr,1
Fe W,1
Fe W Y,0
Ga Gd,0
Ga Gd Mn,1
Ga Gd Ni,1
Ga Gd Pd,0
Ga Gd Pt,0
Ga Gd Ru,0
Ga Gd Zn,0
Ga Ge Ir,0
Ga Ge K,0
Ga Ge Mn,1
Ga Ge Mo,0
Ga Ge Na,0
Ga Ge Rh,0
Ga Ge Ti,0
Ga Ge Zr,0
Ga Hf,1
Ga Hf Nb,0
Ga Hf Pd,1
Ga Hf Pt,0
Ga Hf Ru,0
Ga Hf Ti,0
Hg La,1
Cd Sc,1
Hg Sc,1
Cd Yb,1
Hg Yb,1
K Na Sb,0
Al Nb Ti,1
Au In Th,0
Au In Ti,0
Au In Tm,0
Au In U,0
Au In Y,0
Au In Zr,0
Au Ir Nb,0
Au K,1
Au K Sn,0
Au Li Mg,0
Au Na,1
Au Li Pb,0
Au Li Sb,0
Au Li Sn,0
Au Li Tl,0
Au Lu,0
Au Lu Sn,0
Au Mg,0
Au Nb Os,0
Au Nb Pt,0
Au Pb Tb,0
Au Pd Zn,0
Au Pt Ti,0
Au Rb Sn,0
Au Sc,0
Au Sc Sn,0
Au Sn,0
Au Sn Tm,0
Au Sn U,0
Au Sr,1
Au Ta,0
Au Tb,0
Au Ti,1
Au U,0
Au V,1
Au Y,0
Au Zr,0
Ba Be,0
Ba Bi Cd,0
Ba Bi Pb,1
Ba Bi Zn,0
Ba Ca,0
Ba Ca Sn,0
Ba Cu Sn,0
Ba In,0
Ba Li,0
Ba Ni Sn,0
Ba Pb,1
Ba Pb Rh,0
Ba Pb Tl,1
Ba Pd,1
Ba Pd Sn,0
Ba Pt,1
Ba Pt Sn,0
Ba Sr,0
Ba Tl,0
Ba Zn,0
Ca In,0
Ca Pd Sn,0
Be Ca,0
Be Co Mn,1
Be Cr Ni,0
Be Cu,1
Be Cu Mg,1
Be Cu Ta,0
Be Cu Ti,1
Be Cu Zn,1
Be Dy,0
Be Ga Ti,1
Be Mg,0
Be Mn,1
Be Mo,1
Be Mo Nb,1
Be Nb Ti,1
Be Ni,0
Be Np,0
Be Pd,1
Be Pu,0
Be Ru,1
Be Sc,1
Be Sr,0
Be Ta,1
Be Th,0
Be Ti Zr,0
Be W,1
Be Zr,1
Bi Ca Cd,0
Bi Cd Sr,0
Bi Ce,0
Bi Ce Sb,0
Bi Cu Eu,0
Bi Cu Gd,0
Bi Cu Mg,0
Bi Cu Mn,0
Bi Cu Sr,0
Bi Dy,0
Bi Dy Ni,0
Bi Dy Pt,0
Bi Er,0
Bi Er Pt,0
Bi Gd Ni,0
Bi Gd Pt,0
Bi Ho Pt,0
Bi Li Mg,0
Bi Li Mg Pb,0
Hf Rh Sn,0
Cr Cu Ni Sn,0
Cu Fe Sn,0
Co Cu Sn,0
Bi Cd Yb,0
Bi Cd Eu,0
Bi Yb Zn,0
Bi Ca Zn,0
Cd Sb Yb,0
Bi Yb,0
Al Ga Mn,0
Cr Zn Zr,0
Gd In Rh,0
Dy In Rh,0
In Ir Tb,0
Ba Ca Li,0
In Pd Sr,0
Ni Sn Zn,0
Eu Mg Sn,0
Ho Mn Sb Yb,0
Dy Mn Sb Yb,0
Mn Sb Tb Yb,0
Al Co Ge Pr,0
Ga Hf Zn,1
Ga Hf Zr,0
Ga Ho,1
Ga Nd,1
Ga Ho Ir,0
Ga Ho Pt,0
Ga Ho Rh,0
Ga Ho Ti,0
Ga Ir Li,0
Ga Ir Lu,0
Ga Ir Sc,0
Ga Ir Sn,0
Ga Ir Tb,0
Ga Ir Th,0
Ga Ir Tm,0
Ga Ir Y,0
Ga Ir Yb,0
Ga Ir Zr,0
Ga K Sn,0
Ga La Mo,0
Ga La Pt,1
Ga La Zn,0
Ga Li Pd,0
Ga Lu,1
Ga Lu Mn,0
Ga Lu Pd,0
Ga Lu Pt,0
Ga Lu Rh,0
Ga Lu Ti,0
Al Rh Zr,1
Al Ni Ti Zr,0
Al Pd Ti Zr,0
Al Ru Ti Zr,0
Ga Rh Ti Zr,0
Cr Fe Ge,0
Cr Fe Sn,0
Ga Mn Sb,0
Ho Mn,1
Bi Lu Ni,0
Bi Mg,0
Bi Mn Ni,0
Bi Mn Pd,0
Bi Mn Zn,0
Bi Nb,0
Bi Nd,0
Bi Ni Rh,0
Bi Ni Tm,0
Bi Pb,0
Bi Pb Pd,1
Bi Pb Pt,0
Bi Pd Pt,0
Bi Pd Y,0
Bi Pd Yb,0
Bi Pr,0
Bi Sc,0
Bi Th,0
Bi Tm,0
Bk Ir,1
Bk Pt,1
Bk Rh,1
Ca Cd,1
Ca Cd Pb,0
Ca Cd Sn,1
Ca Cd Tl,0
Ca Cu,1
Ca Eu Ni,1
Ca Hg,1
Ca In Tl,0
Ca Pb,1
Ca Pb Tl,1
Ca Pt,1
Ca Rh Sn,0
Ca Sr,0
Ca Tl,1
Ca Zn,1
Cd Ce In,0
Cd Cu Zr,0
Cd Dy In,0
Cd Er In,0
Cd Gd In,0
Cd Hg,0
Cd Hg Ti,0
Cd Ho,0
Cd Ho In,0
Cd In,1
Cd In La,0
Cd In Li,0
Cd In Mg,1
Cd In Nd,0
Cd In Pr,0
Cd In Sm,0
Cd Li,0
Cd Li Mg,0
Cd Li Pb,0
Cd Li Tl,0
Cd Li Zn,0
Cd Lu,0
Cd Mg,1
Cd Mn,0
Cd Nb,1
Cd Nd,0
Cd Ni,0
Cd Pb,0
Cd Pr,0
Cd Pt,0
Cd Tb,1
Cd Ti,0
Cd Tm,0
Cd U,0
Cd V,0
Cd Zn,0
Cd Zr,1
Cd Sn,0
Ce Co Cr,1
Ce Co Cu,1
Ce Co Fe,1
Ce Co Hf,1
Ce Co La,1
Ce Co La Ni,1
Ce Co Mn,1
Ce Co Ni,1
Ce Co Pu,1
Ce Co Rh,1
Ce Co Zr,1
Cr Fe Ni Sn,1
Hg Sr,1
Cu Ga Mg Sc,0
Bi Ce Mn,0
Bi Mn Pr,0
Bi Mn Nd,0
Bi Mn Sm,0
Bi La Mn,0
Hf Mg Zn,0
Ge Na Sn,0
Ca Ni Sn Sr,0
Ca Ni Sn,0
Ba In Pt,0
Ir Mg Tb,0
Ba Bi Sn,1
Cd Gd Rh,0
Ga Sb Sr,0
Au Tb Zn,0
Ca La Mn Sb,0
Ga Mn Nb,1
Ga Mn Tb,1
Ga Mo Pr,0
Ga Mo Sc,0
Ga Mo Y,0
Ga Nb Ni,1
Ga Nb Sn,0
Ga Nb V,0
Ga Nb Zr,0
Ga Nd Ni,1
Ga Nd Pd,0
Ga Nd Pt,1
Ga Ni Pd,0
Ga Ni Pt,1
Ga Ni Pu,0
Ga Ni Sn,1
Ga Ni Ta,1
Ga Ni Tb,1
Fe Ge Mg,1
Ge Sb Ti,0
Ce Mg Pb,0
Bi Ga,0
Ni Zn,0
Os Ti,1
Bi Cr Li,0
Cr Li Sb,0
Ce Cr Ni,1
Ce Cu Fe,1
Ce Cu Ga,1
Ce Cu Pt,1
Ce Er,0
Ce Eu,0
Ce Fe,1
Ce Fe Ga,1
Ce Fe Gd,1
Ce Fe Gd Ho,1
Ce Fe Mn,1
Ce Fe Ni,1
Ce Fe Ni Sm,1
Ce Fe Pr,1
Ce Fe Pu,1
Ce Fe Rh,1
Ce Fe Ru,1
Ce Fe Sm,1
Ce Fe U,1
Ce Fe Y,1
Ce Gd Mn,1
Ce Hg,1
Ce In La,1
Ce In Sn,1
Ce In Y,1
Ce Ir,1
Ce Ir Os,1
Ce Ir Pt,1
Ce La,0
Ce La Mg,0
Ce La Ni,1
Ce La Os,1
Ce La Pd,1
Ce La Rh,1
Ce La Ru,1
Ce La Sn,1
Ce La Th,0
Ce La Zn,0
Ce Li Sn,0
Ce Lu,0
Ce Mg Y,1
Ce Nd,0
Ce Ni Pt,1
Ce Os,1
Ce Os Ru,1
Ce Pb,1
Ce Pd,1
Ce Pd Pt,1
Ce Pd Rh,1
Ce Pd Tl,0
Ce Pd Y,1
Ce Pt Rh,1
Ce Pt Sb,1
Ce Pu,0
Ce Rh,1
Ce Rh Ru,1
Ce Rh Y,1
Ce Sm,0
Ce Sn,1
Ce Tb,0
Ce Th,0
Ce Th Y,0
Ce Th Zr,0
Ce Tl,1
Ce Tm,0
Ce Y,0
Ce Y Zn,0
Ce Zr,0
Cf Pt,1
Cm Pd,1
Co Cr Ga Mn,0
Co Cr Mo,0
Co Cr Pt,0
Co Cr U,1
Co Cr W,0
Co Cr Zr,1
Co Cu Er,1
Co Cu Gd,1
Co Cu Ho,1
Co Cu Mn Sm,1
Co Cu Nb Sm,1
Co Cu Nd,1
Co Cu Pr,1
Co Cu Pr Y,1
Co Cu Sm,1
Co Cu Y,1
Co Dy,1
Co Dy Fe,1
Co Dy Ho Tb,1
Co Dy Ni,1
Co Dy Re,1
Rh Sm Sn,0
Rh Sn Th,0
Rh Sn Sr,0
Co Er Fe,1
Co Er Ni,1
Co Er Ni Sm,1
Co Er Ru,1
Cu Pt Tb,0
Al Gd Mg,1
Mn Zn Zr,0
Fe Zn Zr,0
Co Zn Zr,0
Ni Zn Zr,1
Cd Rh,1
Ge Hg Rb,0
Hg Rb Sn,0
La Mg Ru,0
Cu La Mg,1
In Ir Sc,0
Ce Pt Zn,0
In Ir Y,0
Ag Lu Sn,1
Al Yb Zn,1
Yb Zn,1
In La Mg Rh,0
Ir Mg Nd,0
Gd Ir Mg,0
Ir La Mg,0
Co Ge Mg,1
Bi Ce Pd,0
Ni Pr Sn,1
Al Pt Sc,0
Co Gd Ni,1
Al Au Eu,0
Ga Ni Th,0
Ga Ni Tm,1
Ga Ni V,1
Ga Ni Y,1
Ga Os,0
Ga Os Sc,0
Ga Os Ti,0
Ga Os Zr,0
Ga Pd,1
Ga Pd Pr,0
Ga Pd Sb,0
Ga Pd Sm,0
Ga Pd Tm,0
Ga Pd U,1
Ga Pd Y,0
Ga Pd Yb,0
Ga Pd Zr,0
Ga Pr,1
Ga Pr Pt,0
Ga Pr Zn,0
Ga Pt,1
Ga Pt Sm,0
Ga Pt Tb,0
Ga Pt Th,0
Ga Pt Ti,1
Ga Pt Tm,0
Ga Pt Y,0
Ga Pt Yb,0
Ga Pt Zr,1
Ga Pu,1
Ga Pu Rh,0
Ga Rh,0
Ga Rh Sc,0
Ga Rh Tb,1
Ga Rh Th,0
Ga Rh Ti,0
Ga Rh Tm,0
Ga Rh Y,1
Ga Rh Yb,0
Ga Ru Sc,0
Ga Ru Tb,0
Ga Ru Ti,0
Ga Ru Y,0
Ga Ru Zr,0
Al Ba Fe,0
Al Ca Sm,1
Al Pd Sc,0
Mn Pd Sb,0
Cs In Sb,0
Co Fe Ga,0
Co Fe Gd,1
Co Fe Ho,1
Co Fe Ho Y,1
Co Fe In,0
Co Fe La Y,1
Co Fe Mn U,1
Co Fe Nd,1
Co Fe Pr,1
Co Fe Sn,1
Co Fe Tb,1
Co Fe Th,1
Co Fe U,1
Co Fe V,1
Co Fe Y,1
Co Fe Zr,1
Co Ga,0
Co Ga Gd,1
Co Ga La,1
Co Ga Nb,1
Co Ga U,0
Co Ga V,0
Co Ga Zr,1
Co Gd Mn,1
Co Gd Ni Sm,1
Co Hf Pr,1
Co Ho Ni,1
Co Ho Ru,1
Co Ho Sn,1
Co Ho Tb,1
Co Ho Y,1
Co In Lu,0
Co In Sn,0
Co Ir,0
Co La Ni,1
Co Lu,1
Co Mg Ni,1
Co Mn Pd Sn,0
Co Mn Pt,0
Co Mn Rh Sn,0
Co Mn U,1
La Sn Zn,0
Ce Sn Zn,0
Pr Sn Zn,0
Sm Sn Zn,0
Mn Ti Zr,1
Sb Tb Zr,0
Dy Sb Zr,0
Ho Sb Zr,0
Er Sb Zr,0
Bi Fe Tb,0
Ce Pb Rh,0
Cu Sb Tm,0
Ga U,1
Al Y Zn,0
Al Nd Zn,0
Al Sm Zn,0
Al Gd Zn,0
Al Tb Zn,0
Al Dy Zn,0
Al Ho Zn,0
In Mn Y,0
Dy In Mn,0
Er In Mn,1
In La Mn,0
Ce In Mn,0
In Mn Pr,0
In Mn Nd,0
In Mn Sm,0
Eu In Mn,0
In Mn Tb,0
Ho In Mn,1
In Mn Tm,1
In Lu Mn,0
Al Ca Mg,1
Ge Mn Nd Sn,1
Fe Ga Nd Y,0
Cu Fe Sb V,0
Fe Mo Nd Ti Y,0
Fe Mo Nd Y,0
Fe Ho Y,0
Ge Nd Sc,0
Ce Co Ge Ru,0
Co Ge Tb U,0
Mo Ru Sb,0
Li Mg Pb,0
Al Mg Sc,0
Cu Li Mg,0
Hf Mn Sb,0
Sb Ti Zr,0
Er Ge Nd,0
Eu Pd Zn,0
Eu Pt Zn,0
Ge La Sb,0
Ga Gd Ge,0
Al La Mn,0
Al Fe La Sb,0
Al Au Fe La,0
Al Fe Ge La,0
Al Fe La Pb,0
Al Cu Fe La,0
Al La Mn Sb,0
Al Fe Nd Sb,0
Ag Al Fe La,0
Al Bi Fe La,0
Cd La Rh,0
Ge Li Na,0
Gd Ir,1
Gd Ir Sn,0
Gd La,0
Gd La Ni,1
Gd La Os,1
Gd Li Sn,0
Gd Lu,0
Gd Lu Ni,0
Gd Mn Ni,1
Gd Mn Pr,1
Gd Mn Sn,0
Gd Nd,0
Gd Ni Pt,0
Gd Ni Tb,0
Gd Ni Tm,0
Gd Ni Y,0
Gd Os,1
Gd Pb,1
Gd Pd,1
Gd Pd Sb,0
Gd Pr,0
Pb Sr,1
Al Fe Nb,1
Al Fe Pd,0
Al Fe Ru,0
Al Fe Tc,0
Ag Al Mn,0
Ir Sm,0
Al Ca Rh,0
Ge Mn Nd Ti,0
Co Gd Tb,0
Ge Ni Pd,0
Li Mg Sb,0
Fe Ga Ge,1
Ag Ba Sb,0
Eu Pt Sn,0
Cd In Yb,0
Au Li Na,1
In K Zn,0
Fe Tb Zn,0
Ru Y Zn,0
Dy Ru Zn,0
Co Gd Zn,0
Dy Rh Zn,0
Ni Tm Zn,0
Al Ce Re,0
Al Re Sm,0
Al Re Tb,0
Rh Sn Zr,0
Cd Ce Rh,0
Pt Sc Sn,0
Li Pd Sn,0
Ga Gd Ge Mn,1
In K Pb,1
Cu In Th,0
Ce Co Ge,0
Ag Ce Ga,0
Ga Ge Yb,0
La Ni Pb,0
Ce Ni Pb,0
Ni Pb Pr,0
Ni Pb Tb,0
Dy Ni Pb,0
Er Ni Pb,0
Ni Pb Tm,0
Lu Ni Pb,0
Gd Sn Zn,0
Sn Y Zn,0
Mg Zn Zr,0
Mg Ti Zn,0
Ce Co Ga Ge,0
Ba Ca Cd Sb,0
Ba Cd Sb Sr,0
Ba Cd Eu Sb,0
Ba Cd Sb Yb,0
Al Mg Tb,1
Al Dy Mg,1
Al Ho Mg,1
Al Er Mg,1
Al Mg Tm,1
Al Mg Yb,1
Gd Ni Pd,0
In Sr Zn,0
Co Sb Sm,0
Au Ba Pt,0
Ge Hf Zr,0
Ag Ca Sr,0
Ag Ba Sr,0
Gd Ge Ru,0
Ba Ca Pb,0
Ba Pb Sr,1
Sb Tb Zn,0
Ca Ce Mn Sb,0
Ca Mn Pr Sb,0
Ca Mn Nd Sb,0
Ca Mn Sb Sm,0
Ca Gd Mn Sb,0
Ca Mn Sb Tb,0
Ca Dy Mn Sb,0
Al Pd Sr,0
In Na Pd,0
Ga Sb Ti,0
Ga Sb Zr,0
Ga Sc Ti,0
Ga Sc Zr,0
Ga Sm Zn,0
Ga Sn Ta,0
Ga Tb,1
Ga Tb Ti,0
Ga Ti,1
Ga Ti Tm,0
Ga Ti Zr,0
Ga Tm Zn,0
Ga W,0
Ga Y Zn,0
Ga Yb,0
Ga Zr,1
Gd Ge Ir,0
Gd Ge Mn Sm,0
Gd Ge Ni,0
Gd Ge Os,0
Gd Ge Re,0
Gd Hg,1
Gd Ho Ni,0
Gd In Pd Th,0
Gd In Zn,0
Bi Li Zn,0
Bi Cd Li,0
Al Ru V,0
Ga Ru V,0
Al Co Mn Rh,0
Co Ga Mn Rh,0
Co Ge Mn Rh,0
Ir Nb,1
Al Ti Zr,1
Ge Mn V Zr,0
Ag Al Co,0
Ag Al Fe,0
Ge Lu Sn,0
Lu Sn,1
Al Ce La Ni,1
Co Nb Zr,1
Co Nd Ni,1
Co Nd Ru,1
Co Nd Tm,1
Co Nd U,1
Co Nd Y,1
Co Ni Pr Sm,1
Co Ni Pr Y,1
Co Ni Sm Y,1
Co Pd,1
Co Pd V,1
Co Pr Ti,1
Co Pr Tm,1
Co Pr Y,1
Co Pt Ta,1
Co Re,0
Co Re Y,1
Co Rh,0
Co Ru,0
Co Ru Y,1
Co Sc Ti Y,1
Co Ta Zr,1
Co Tc,0
Co Th Y,1
Co U Y,1
Cr Cu La Ni,1
Cr Fe Mn Mo Ni,0
Cr Fe Mo Ni,0
Cr Fe Ni U,1
Cr Ga V,0
Cr La Ni,1
Cr Mo Nb,1
Cr Mo V,0
Cr Mo W,0
Pd Tl,1
Pt Tl,1
Au Tl,0
Pb Rh,1
Pb Pd,1
Cr Nb Ti,1
Cr Nb Zr,1
Cr Ni Ti,0
Cr Pd,0
Cr Sn,0
Cr Ta Zr,1
Cr W Zr,1
Cs Ga,0
Cs In,0
Cu Dy Fe,1
Cu Dy Tl,0
Cu Er Fe,1
Cu Eu In,0
Cu Eu In Yb,1
Ga Rb,0
Cu Fe Gd,1
Cu Fe La Ni,1
Mg Y Zn,0
Ge Yb Zn,0
Ga Sb Yb,0
Ga Ge La,0
Ca Mg Sn,0
Ca Sn Zn,0
Al Ga La,0
Au Ca Cd,0
Rh Sn,0
Ba Ge Pt,0
Eu Ga Rh,0
Eu Ga Ir,1
Al La Ni Ru,0
Al La Ni Ru Sn,0
In La Ru,0
Ge In Li Yb,0
Ba Cd K Sb,0
Cd Eu K Sb,0
Cd K Sb Yb,0
Cd K Sb Sr,0
Eu Rh Sb,0
Ce Mg Ru,0
Mg Pr Ru,0
Au Cd Sr,0
Cu Nb Sn,0
Gd Re,1
Gd Re Th,1
Gd Rh,1
Gd Rh Sn,0
Gd Ru Sm,1
Gd Ru Sn,0
Gd Sb,0
Gd Sb Sm,0
Gd Sb Yb,0
Gd Sn,1
Gd Tc,1
Gd Th,0
Gd Tl,1
Gd Tl Zn,0
Gd Zr,0
Al Mn Mo,0
Al Mn Nb,1
Al Mn Tc,0
Al Mn Zr,1
Al Eu Fe,0
Co Ga Tm,0
Ag Au Gd Mg,0
In Lu Ru,0
Er In Ru,0
La Sb Ti,0
Mn Na Sb,0
Cu Fe Ho,1
Cu Fe Lu,1
Cu Fe Ni Pt,0
Cu Fe Tb,1
Cu Fe Ti,0
Cu Fe Tm,1
Cu Ga Li,1
Cu Ga Ni,1
Cu Ga Pt,0
Cu Ga Sr,0
Cu Hf Hg,0
Cu Hg Ti,0
Cu Ho Tl,0
Cu In Lu Yb,1
Cu In Mn Pd,0
Cu In Mn Sn,0
Cu In Ni,0
Cu In Sc,1
Cu In Sn Yb,1
Cu In Y Yb,1
Cu In Zr,0
Cu Ir,0
Cu Li Zn,1
Cu Ni V,0
Cu Rh Sn,0
Cu Sn Sr,0
Cu Tb Tl,0
Cu Tb Zn,0
Cu Ti Zn,0
Cu Tl,0
Dy Er,0
Dy Er Fe,1
Co Er Ti,0
Al Co Er Ti,0
Co Fe Mo Nd Y,0
Ce Fe Ni Sb,0
Ho Sn,1
Ag Ga La,0
Er Pd Sb,0
Au Eu Ge,0
Mn Sb Sn,0
Al Eu,1
Dy Y,0
Cu Mg Yb,1
Ca Eu In,0
Cd K Na,0
Dy Sb Sc,0
In Sb Zn,0
Ce Ga Ru,0
Lu Mn Sn,1
Ag La Mg,0
Ga Ni Sr,0
Mn Sb Sc Yb,0
Ho Pd Zn,0
Lu Pd Zn,0
Pd Tm Zn,0
Pd Y Zn,0
Pd Yb Zn,0
Bi Co Gd,0
In Ru Tb,0
Ho In Ru,0
In Ru Sm,0
Rb Sn Tl,0
Ge Hf Ir,0
Ge Hf Mn,1
Ge Hf Ni,0
Ge Hf Os,0
Ge Hf Re,0
Ge Hf Rh,0
Ge Hf Ru,0
Ge Hf Sc,0
Ge Hf V,1
Ge Ho Pt,0
Ge Ho Re,0
Ge In Ir,0
Ge Ir La,1
Ge Ir Pr,0
Ge Ir Sm,0
Ge Ir Th,0
Ge Ir Ti,0
Ge Ir Tm,0
Ge Ir Zr,0
Cr Sc Sn V,0
In Ni Tm,1
Al La Pd,1
Cu Ga In Yb,1
Dy Fe Tb,1
Dy Fe Y,1
Dy Gd,0
Dy Gd Y,0
Dy Ho Mn,1
Dy Ho Tb,0
Dy Ho Y,0
Dy In Sn,1
Er Fe Ho,1
Er Fe Ni,1
Er Fe Sm,1
Er Ho,0
Er In Sn,1
Er Pd Sn Y,0
Er Pd Tl,0
Er Tb,0
Er Y,0
Dy Ni Pd,0
Dy Pd Sn Y,0
Dy Pd Tl,0
Eu Mg Sr,0
Eu Ni Zn,1
Eu Yb,0
Al Co Ho Y,1
La Mn Y,1
La Rh Sn Y,0
In Ni Zn,0
Al Ga U,1
Al Ho Mo,0
Cu La Sb,0
Cu Sb Sm,0
Cu Gd Sb,0
Cu Sb Y,0
Co La Mg Ni,1
Co Hf Nd,0
Cu La Zn,1
Co Nd V,0
Ba Ge In,0
Ce Ge Pt,0
Cr Ge Tb,1
Cr Ge Ho,1
Cr Er Ge,1
In Mn Sb,0
Cr Mn Ni Sn,0
Co Pt Sn,0
Cr Pt Sn,0
Ge In Li Sr,0
Eu Ge Li Mg,0
Ce Ge In Ni,0
Ge In Ni Pr,0
Cd Na Sb Yb,0
Ca Cd Sb Sr,0
Cd Sb Sr Yb,0
Cd Eu Sb Yb,0
Ge La Os,0
Ge La Sc,0
Ge Li Nd,1
Ge Lu Mn,1
Ge Lu Pd,0
Ge Lu Re,0
Ge Lu Ru,0
Ge Mn Nb,0
Ge Mn Pr,0
Ge Mn Sm,1
Ge Mn Sm Y,0
Al Cr Ti V,0
Al Cr V Zr,0
Al Cr Hf V,0
Cr Ga Ti V,0
Cr Ga V Zr,0
Cr Ga Hf V,0
Cr In Ti V,0
Cr In V Zr,0
Cr Hf In V,0
Cr Ge Sc V,0
Cr Ge V Y,0
Cr Sn V Y,0
Cr V Zn,0
Cr Nb V Zn,0
Cr Ta V Zn,0
Pd Y,1
Pd Sr,1
Fe Gd Ho,1
Fe Gd Ni,1
Fe Gd Ni Tm,1
Fe Gd Th,1
Fe Ho Ni,1
Fe Ho Ru,1
Fe Mn Pd,1
Fe Nb Pt,0
Fe Nd Ru,1
Fe Nd Sm,1
Fe Ni Pt,1
Fe Ni Rh,0
Fe Ni Tb,1
Fe Ni V,0
Fe Pr Sm,1
Fe Pr Tb,1
Fe Pr Y,1
Fe Rh Y,1
Fe Ru Sn,0
Fe Ru Y,1
Fe Sc Y,1
Fe Ti U,1
Fe Y Zr,1
Ga Gd U,0
Ga Ge,0
Ga K Li,0
Ga Hf Sc,0
Ga K Na,0
Ga Li Mg,0
Ga Li Na,0
Ga Mg Na,0
Al Ba Co,0
Bi Ni Tb,0
Co Er In,0
Ge La Ti,0
Cu Ge Hf Sb,0
Ge Mn Ta,0
Ge Mn Th,0
Ge Mn Tm,1
Ge Mo Ni,1
Ge Mo W,0
Ge Mo Zr,1
Ge Nb Ni,1
Ge Nb Rh,0
Ge Nb Sc,0
Ge Nb Ti,0
Ge Ni Np,0
Ga Ge Li,0
Al Na Sn,0
Ge In Na,0
In K Sn,0
Al Cu Ge,0
Al Cu Sn,0
Cu Ga Ge,0
Cu Ga Sn,0
Cu In Sn,0
Cu Ge In,0
Cd Cu In,0
Ga Mn Pt,0
Ga Mo Ni,1
Ga Na,0
Ga Na Rb,0
Ga Nb Pt,0
Ga Ni Zn,1
Ga Pt V,0
Ga Sn,0
Ga Ti Y,0
Ga U Y,0
Ga Zn,0
Ga Zn Zr,1
Gd Ho Y,0
Gd In Tl,1
Gd Mn Ni Sm,1
Gd Mn Y,1
Gd Nd Zn,0
In Li Pd,0
In Li Pt,0
In Li Rh,0
Ce Fe Ge,0
Al Ce Ga Ni,1
Co Gd Ge,1
In Ni Np,0
In Rh U,0
In Sn U,1
Co Fe La Sb,0
Al Co Ga,0
Hf Pd,1
Co Dy Ho,1
Al Co Dy Ho Tb,1
Ba Ga Hg,0
Ba Cd Hg,0
Ir Y,1
Cd Pd Sr,0
Ge Ni V,0
Ge Ni Y,0
Ge Ni Zr,0
Ge Os Pr,0
Ge Os Sc,0
Ge Os Sm,0
Ge Os Tb,0
Ge Os Th,0
Ge Os Ti,0
Ge Os Tm,0
Ge Os U,0
Ge Os Zr,0
Ge Pd Pr,0
Ge Pd Sm,0
Ge Pd Tm,0
Ge Pd Y,0
Ge Pd Zr,0
Ge Pr Rh,1
Ge Pr Ru,0
Ge Pr Sc,0
Ge Pt Rb,0
Ge Pt Zr,0
Ge Pu,1
Ge Re Sc,0
Ge Rh Ti,0
Co Fe Ir Ni Pt,0
Cd Cu Sr,0
Ce Cu Mg,1
Ce Gd Th,0
Co Fe Th Y,1
Co Ga Ta,1
Co Gd Ir,1
Cu Gd Tl,0
Cu In La Yb,1
Er Ga V,0
Ga Hf Mn,0
Ga Pd Zn,0
Ga Ti Zn,1
Gd Pd Sn Y,0
Gd Pd Tl,0
Gd Pr Zn,0
Gd Tb,0
Gd Tl Y,0
Gd Y,0
Gd Y Zn,0
Gd Yb,0
Ge Pb,0
Tl Yb,1
Hf In Pd,0
Hf In Pt,0
Hf Mn,1
Hf Mo,1
Hf Mo Ti,1
Hf Mo Zr,1
Hf Nb,0
Hf Nb Sn,0
Hf Nb V,1
Hf Nb V Zr,1
Nd Zn,1
Ho Zn,1
Tm Zn,1
Lu Zn,1
Hf Pt,1
In Np Pt,0
In Np Rh,0
Cr Cu Zr,1
Co Cr Mn Ni Sc,1
Co Cr Mn Ni Sc Zr,1
Ga Yb Zn,0
Au Pd U,1
Fe Gd Mo Nb Ni,0
Ag Al Ho,0
Pd Rh,0
Co Pd Rh,0
Mn Sm Sn,1
Fe Mn Ni Ti V Zr,1
Bi Np,0
Bi Pu,0
Co In Sm,0
Au Ni,0
Ge La Mn Y,0
Cu Pb Y,1
Mn Ni Zr,1
Mn Ni Sc Zr,1
Mn Ni Sc,1
Ni Sc V Zr,1
Gd Sb Zn,0
Cr Cu Ni Zr,1
Mg Pr Y,1
Co Pb Y,0
Co Gd Pb,0
Co Pb Tb,0
Co Dy Pb,0
Co Ho Pb,0
Co Er Pb,0
Co Pb Tm,0
Co Lu Pb,0
Sb Y Zr,0
Gd Sb Zr,0
Sb Tm Zr,0
Lu Sb Zr,0
Ag Al Tb,1
Ga Li Pt,0
Ag Pb Pr,0
Ag Pb Sm,0
Ag Ga Gd,0
Ag Ga Tb,0
Hf Sb U,0
Nb Sb U,0
Ba Cu,0
Ce Ir Zn,0
In Rh Sc,0
Cd Cs,0
K Zn,0
Na Zn,0
Cd Rb,0
Cs Zn,0
Ge Rh Zr,0
Ge Ru Sc,0
Ge Ru Sm,1
Ge Ru Th,0
Ge Ru Ti,0
Ge Ru Tm,0
Ge Ru U,0
Ge Ru Yb,0
Ge Sc Sm,0
Al Sb Ti,0
In Sb Ti,0
Cr Mo Ni Re,0
Cr Ni Re,0
Cr Mo Re,0
Mo Ni Re,0
Ga Mn Ni Zn,0
Mn Ni Zn,0
Ho Tl,1
Ho Zr,0
Ag Fe,0
Ag Ga Yb,0
Ag Mg Y,0
Ir Li,0
Ir Lu,1
Ir Mn,0
Ir Mn Sn,0
Ir Mo,1
Ir Mo Ru,0
Ir Nb V,0
Ir Ni,0
Ir Ni Ta,0
Ir Np,1
Ir Os,0
Ir Os Th,1
Ir Pa,1
Ir Pb,0
Ir Pd,0
Ir Pr,1
Ir Pt,0
Ir Re,0
Ir Re Ti,0
Ir Rh,0
Ir Ru,0
Ir Ru Th,1
Ir Sn Ti,0
Ir Ta,1
Ir Tb,1
Ir Tc,0
Ir Ti,1
Ir Tm,1
Ir Yb,1
Al Cr U,0
Al Bi Gd,1
Al Ca Li,1
Al Ce U,1
Al Co Cu Y,1
La Nd Ni,1
La Ni Pr,1
La Ni Ti,1
La Ni Zn,1
La Os,1
La Pb Sn,1
La Pb Th,1
La Pb Tl,1
La Pd,1
La Pd Tl,0
La Pu,0
La Ru Sn,0
La Ru Th,1
La Sn Th,1
La Sn Tl,1
Hf Sn,0
Cu Hf Pb,0
Pt Pu Sn,0
In Pd Pu,0
Co In U,0
Ru Sn U,0
Al Cu Zr,1
Cr In,0
Ce Mg Ni,1
Au Na Tl,0
Au Cs Rb,0
Au Cs Sn,0
Au Pb Rb,0
Au Cs Pb,0
Au K Pb,0
Al Er Pt,0
Ir Np Sn,0
Ca Ga Ir,0
Ca Ga Rh,0
Na Sn Tl,0
Au Ga K,0
Cd Sb Zn,0
Ho Mg Zn,0
Co Dy Ge,1
Gd Mn Sn Tm,1
Al La Mg,1
Er Fe Nd,0
Fe Sb Tb,0
Sm Tl,1
Ge Nb Pr Rh,0
Ge Nb Nd Rh,0
Ce Ge Rh Ta,0
Ge Pr Rh Ta,0
Ge Nd Rh Ta,0
Co La Ta,0
Ce Sb Sc,0
Nd Sb Sc,0
Gd Sb Sc,0
Fe Gd Re,0
Os Zr,1
K Na Tl Zn,0
K Na Sm Tl,0
Ba Ge Li,0
Co Fe Sb Yb,0
Ge Li Sm,1
Er Ru Sb,0
Ga Gd In Ni,0
Hf Hg,0
Co Fe Ni V,1
Ga Sb V,0
Hf Pt Sn,0
Hf Pu,0
Hf Ru,1
Hf Ru Ti,0
Hf Sc,1
Hf Ta,0
Hf Ta V,1
Hf Tc,1
Hf Th,0
Hf Ti,0
Hf Ti V,1
Hf Ti W,1
Hf V,1
Hf V Zr,1
Hf W,1
Hf Zn,1
Hf Zn Zr,1
Hf Zr,0
Hg Ho,1
Hg Li,1
Hg Li Mg,0
Hg Li Tl,0
Hg Mg,0
Hg Na Tl,0
Hg Nd,0
Hg Pd,0
Hg Pr,0
Hg Tb,1
Hg Th,1
Hg Ti,1
Hg Ti Zn,1
Hg Tl,1
Hg Tm,1
Hg U,1
Hg Y,1
Hg Zn,0
Hg Zr,1
Ag Al Ti,1
Ag Al Yb,1
Ag Au Cu,0
Ag Au Cu Pd,0
Ag Au Pd,0
Ag Bi,0
Ag Cu Y,0
Ag Bi Tl,0
Ag Cd,0
Ag Cd In,0
Ag Cd Mg,0
Ag Cd Zn,0
Ag Cu Nd,1
Ho Ir,1
Ho Mg,1
Ho Mn Tm,1
Ho Ni Ru,1
Ho Pb,1
Ho Pd,1
Ho Pd Sn,0
Ho Pd Sn Y,0
Ho Pd Tl,0
Ho Pt,1
Ho Pt Sn,0
Ho Rh,1
Ho Tb,0
Ho Th,0
In Ir Li,0
In Pt Sm,1
Ag Ce Pb,0
Ag Pb Tb,0
Ag Dy Pb,0
Ag Ho Pb,0
Bi Ni Zr,0
Nb Rh Sb,0
Ru Sb Ta,0
Ru Sb Zr,0
Ru Sb Ti,0
Co Sb Ta,0
Co Nb Sb,0
Co Ge Tm,1
Ag Pb Y,0
Ag Pb Tm,1
Al U V,0
Bi Tb,0
Cu Sn Th,0
Ag Lu Pb,1
Cu Pb Tb,0
Cu Pb Tm,0
Cu Lu Pb,0
Fe Gd Mo Nd,0
Ni Pr,1
Fe Nd Tb,1
Al Fe Nd Tb,0
Ce Cu Zn,1
Fe Ga Nd Ti,0
Co Sb Tl,0
Co Sb Sn Tl,0
Co Fe Sb Tl,0
Pb V,0
Nb Pb,0
Ce Ge Nb Rh,0
Fe Ir Os Ru,0
Ce Ga Zn,0
Dy Fe In,0
Cr Ge La,0
Os U Zn,0
Na Ni Sn,0
Mn Sb Y Yb,0
Au Eu Zn,0
Ge Ta V,1
Fe Mn Sb,0
Bi Pt Sb,0
Fe Ga Re,0
Ge Tm V,0
Ge Lu V,0
Ga Ge Y,0
Ce Co Y,1
Ce Ga Pt,1
La Th,0
Mo Ni Zr,1
Mo Os,0
Mo Os Ru,0
Mo Pd,0
Mo Pd Rh,0
Mo Pd Rh Ru,0
Mo Pd Ru,0
Mo Pt,1
Mo Pu U,0
Mo Re,0
Mo Re V,0
Mo Rh,1
Mo Rh Ru,0
Mo Ru,0
Mo Tc,0
Mo Ti,0
Mo Ti Zr,1
Mo V Zr,1
Mo W Zr,1
Mo Zr,1
Al Eu V,0
Al Fe Ho,1
Al Fe Tm,1
Al Gd U,1
Al Gd Zr,1
Al Ge,0
Al Ir Li,0
Na Pt,1
Nb Ni Sn,0
Nb Ni Ti,1
Nb Pd,0
Nb Pd Pt,0
Nb Pd Rh,1
Nb Re,0
Nb Rh Ru,0
Nb Rh Sn,0
Nb Ru,1
Nb Sn Ta,0
Nb Sn Ti,0
Nb Sn V,0
Nb Sn Zr,0
Nb Tc,0
Nb Th,0
Nb Ti,1
Nb Tl,0
Nb U,0
Nb Zn Zr,1
Nb Zr,0
Nd Ni Ru,1
Nd Pd,1
Nd Pd Tl,0
Nd Pr,0
Nd Pt,1
Nd Pu,0
Nd Rh Sn,0
Nd Ru,1
Nd Sm,0
Nd Tl,1
Nd Tm,0
Nd Y,0
Ni Sb Tm,0
Ni Np,1
Ni Pd V,0
Ni Pr Y,1
Ni Pt Sn,0
Ni Rh,0
Ni Rh Sn,0
Ni Ru,0
Ni Ru Y,1
Ni Sc,1
Ni Sn Sr,0
Ni Sn V,0
Ni Sn Y,1
Ni Tl,0
Ni Yb,1
Np Tl,1
Sc Zr,0
Sn Tl,0
Fe Ni Zn,0
Hg Pd Sm,0
Co Cr Y,1
Os Pr Sb,0
Fe Pr V,0
Dy Fe Mo Nd,0
Co Fe Nd Ti Y,0
Ag Al Hf,1
Ga Sm Sn,1
Ge Na Rb,0
Ca Ga Na Sb,0
Al Ca Na Sb,0
Ca In Na Sb,0
Al Co Gd Ge,0
Al Fe Gd Ge,0
Co Ge La,0
La Ni Sn Zn,1
Ba Pd Sb,0
Hf Ni Os,0
Hf Ni Re,0
Hf Ni Rh,0
Hf Ni Ru,0
Hf Ni W,0
Hf Os W,0
Hf Ru V,1
Hf Sb,0
K Sb Zn,0
Al Bi Ca Lu,0
Al Bi Ca Tm,0
Al Bi Ca La,0
Ru Sb Sr,0
Co Ge Th,0
Ge Ni Th,0
Cu Ge Th,0
Co Eu Ge,0
Ge La Pd Pt,0
Ge Np Pd,0
Al Be Cr,1
Ag Ca Cu,0
Ge Ho Li,1
Cu Ge La Mn,0
La Tl,1
La Y,0
Li Mg,0
Li Mg Pt Sn,0
Li Mg Sn,0
Li Mg Tl,0
Li Mg Zn,1
Li Pb Pd,0
Li Pd,0
Li Pt,1
Li Pt Sn,0
Li Sn Zn,0
Al Mn Nd,0
Al Dy Mn,1
Lu Mg,1
Lu Mn,1
Lu Mn Tb,1
Lu Pb,1
Lu Pd,1
Lu Pd Sn,0
Lu Pt,1
Lu Rh,1
Lu Tb,0
Lu Th,0
Mg Mn Ni Sb,0
Mg Ni Sb,0
Mg Ni Zn,1
Mg Pr,1
Mg Ru,0
Mg Sn Sr,0
Mg Tb,1
Mg Zr,0
Al Cr Yb,0
Al Dy Fe Tb,1
Mn Nd Ni,1
Mn Ni,1
Mn Ni Pd Sn,0
Mn Ni Pr,1
Mn Ni Rh Sn,0
Mn Ni Sn V,0
Mn Ni Sn Ti,0
Mn Ni Th,1
Mn Np,1
Mn Pb Rh,0
Mn Pd Sn,0
Mn Pr Tb,1
Mn Pu,1
Mn Rh,1
Mn Rh Sn,0
Mn Rh Tl,0
Mn Ru,0
Mn Sc Y,1
Mn Sn W,0
Mn Ta V,1
Mn Tb Y,1
Mn Tm,1
Mn V,0
Mn V Zr,1
Mn Zn,1
Al Dy Y,1
Al Eu Mg,0
Mo Nb Sn,0
Mo Nb U,0
Mo Nb Zr,1
Mo Ni V,0
Rh Zn,0
Bi Hf,0
Ag Ga Na,0
Al Ru Y,0
Al Nd Os,0
Al Gd Os,0
Bi K Sn,0
Ce Ge Ti,0
Ge Sm Ti,0
La Ni Pt,1
Gd Ge Sc Ti,0
Dy Fe Mo Nd Ti,0
Al Fe Ga U,0
Ag Co Sm,1
Rh Sc,1
Fe Ir Ni Os Ru,0
Fe Ir Rh Ru,0
Cu Fe Ir Ni Pt,0
Al Au La,0
Ce Co In Sb,0
Ca Ga Sn,0
Al La Rh,0
Hf In,0
Hf In Sb,0
Hf Ir Ni,0
Hf Ir Sn,0
Hf Mo Ni,0
Hf Mo Ru,0
Hf Nb Zr,0
Gd Ge Sb,0
Al Cs Sb,0
Al Rb Sb,0
Ga Hg K,0
Ga Hg Rb,0
Cs Ga Sn,0
Ga Rb Sn,0
K Sb V,0
Cr Ge Th,0
Al Be La,0
Al Re Y,0
Al Ho Re,0
Co Cu La,0
Hf Ni Ti V,1
Al Ta V,0
Al Ni Ta Y,0
Au Co Sn,0
Fe Sn Th,0
Ni Tb Y,0
Ni Tc,0
Ni Ti Zn,0
Ni Tm,1
Ni W,1
Np Os,1
Np Pd,1
Np Pu,0
Np Rh,1
Np Ru,1
Np Sn,1
Al La Nd,1
Al La Ni U,1
Al La Pt,1
Al La Zn,0
Al Li Pd,0
Al Li Pt,0
Al Li Rh,0
Al Mg Pt,0
Al Nb Pd,1
Al Nb Ru,1
Al Ni Pr U,1
Al Ni Th U,1
Al Ni U Y,1
Al Pd Pt U,1
Al Pd Sm,1
Os Pt,0
Os Re,0
Os Re Ti,0
Os Ru,0
Os Ru Th,1
Os Ta,0
Os Tc,0
Pa Rh,1
Pa Th,0
Pb Pd Tl,1
Pb Pu,1
Pb Rh Sr,0
Pb Sb,0
Pb Sn,0
Pb Th,1
Pb Tm,1
Pb U,1
Pd Pr,1
Pd Pr Tl,0
Pd Pt Sn,1
In K Na,0
Ag Al Zr,1
Mn Ni Tb,1
Co Nd Tb,1
Cs Ge Na Zn,0
Cs Ga Ge Na,0
Co Ge Pd U,0
Hg Sm,0
Hg Lu,1
Hg Pu,0
Cs K Sb,0
Bi Ni Pr,0
Bi In Sb,0
Bi Lu Pt,0
Ge Hf Pd,0
Cs Sb V,0
Rb Sb V,0
In Ru Sc,0
Ge Li Y,1
Gd Ge Li,1
Cu K Sb,0
Ge Na Pt,0
Li Sn Y,0
Mg Ni Sm,1
Al Rh Tm,0
Al Gd Re,0
Al Dy Re,0
Al Lu Re,0
Pd Rh Zr,1
Pd Ru Ta,1
Pd Re,0
Pd Rh Ru,0
Pd Rh Ta,1
Pd Sb Y,0
Pd Sc Sn,0
Pd Sm Sn,0
Pd Sm Tl,0
Pd Sn Sr,0
Pd Sn Tm,0
Pd Sn Tm Y,0
Pd Sn Y,0
Pd Sn Y Yb,0
Pd Sn Zr,0
Pd Ta,0
Pd Tb Tl,0
Pd Tc,0
Pd Tl Y,0
Pd Tl Yb,0
Pd V,1
Pd Yb,1
Pt Sn Zr,0
Pt Sr,1
Pt Re,0
Pt Re Ti,0
Pt Rh,0
Pt Sc,1
Pt Sm,1
Pt Sn Ti,0
Pt Sn U,0
Pt Ta,0
Pt Tc,0
Pt Tm,1
Pt Yb,1
Pt Zr,1
Pu Sc,0
Pu Sm,0
Pu Sn,1
Pu Sn U,1
Pu Th,0
Pu U,0
Pu Zn,1
Pu Zr,0
Er Ge In Ni,0
Dy Ge In Ni,0
Ge Ho In Ni,0
Ge In Ni Tm,0
Ga Mg Pd,0
In Ir Yb,0
Ni Sm Sn,1
Ho In Zn,0
Ho Ir Sn,0
Ho Li Sn,0
Ho Mn Pr,0
Ho Mn Sn,1
Ho Ni Sm,0
Al Ca Sb,0
Co Cr Mn Ni,0
Cr Cu Fe Mn Mo,0
Al Mo V,0
Al Mo Ta,0
Al Nb W,0
Al V W,0
Al Ta W,0
Al Nb Ta V,0
Al Mo Nb V,0
Al Nb V W,0
Al Mo Ta V,0
Al Ta V W,0
Al Mo V W,0
Al Mo Nb Ta,0
Al Nb Ta W,0
Al Mo Nb W,0
Co Nd Sm,1
Mn Ta,1
Re Rh,0
Re Ru,0
Re Sc,1
Re Ta,0
Re Tc,0
Re U,1
Re V,0
Re Zr,1
Rh Ru,0
Rh Ru U,1
Rh Sb Zr,0
Rh Sn Ti,0
Rh Sn V,0
Rh Sn Y,0
Rh Sn Yb,0
Rh Sr,1
Rh Ta,1
Rh Tb,1
Rh Tc,0
Rh Ti,1
Rh Tm,1
Rh V,1
Rh W,1
Rh Yb,1
Ru Sm,1
Ru Ta,0
Ru Tc,0
Ru U,1
Ru V,0
Ru W,0
Ru Zn,0
Ru Zr,1
Sc Th,0
Sc Y,0
Sm Th,0
Sn Ta,0
Sn Tc,0
Sn Th,1
Sn V,1
Sn Yb,1
Sn Zn,0
Sr Tl,0
Ta Tc,0
Ta Ti,0
Ta Zr,0
Tb Tl,1
Tb Zr,0
Tc Ti,0
Tc V,0
Tc W,0
Th Tl,1
Th U,0
Th Y,0
Ti Tl,0
Ti U Zr,0
Ti W,0
Ti W Zr,1
Ti Zn Zr,1
Ti Zr,0
Tl Tm,1
Tl U,1
Tl Zr,0
Al La Mg Mo Ni,1
Al La Mo Ni,1
Co La Mg Mn Ni,1
Au In K,0
Al Er Mn,1
Bi In Sr,0
Ho Os,1
Ho Re,1
Ho Ru,1
Ho Tc,1
In Ir Sn,0
Al Mo Ta W,0
K Sc Sn,0
K Pb Sc,0
Ge K Y,0
Ge Mg Sb,0
Mg Sb Sn,0
Co Ru Ta,1
Co Rh Ta,1
Co Pd Ta,1
Co Re Ta,1
Co Ir Ta,1
Ni Re Sn,0
Al Co Ti Y,0
Co Ga Ti Y,0
Co Ge Ti Y,0
Sb V Zr,0
Na Sb Tl,0
Ni Sb Sn,0
Eu Ni Sb Sn,0
Ni Sb Sn Yb,0
Ce Sb Zn,0
V W Zr,1
V Zn,1
V Zr,1
Y Yb,0
Y Zn Zr,1
Y Zr,0
Al Pd U,1
Ga Pd Ti,1
Au Ga Ti,1
Au Ga Zr,1
Au Pr Sb,0
Cd Pd Yb,0
Au Ga Hf,1
Al Hf Pt,1
Fe Mo Nd Zr,0
Al Nb U,0
Co Dy Mg,0
Cu Ga Ta,0
In La Zn,0
In Li Ru,0
In Li Tl,0
In Nd Zn,0
In Ni Sb U,1
In Ni Th,0
In Ni Yb,0
Bi Mn Pt,0
Bi Fe Pt,0
Bi Co Pt,0
Bi Ni Pt,0
Co Cr Ga Ge,0
Co Ga V Zr,0
Mn Rh Ti,0
Ge Mg Mn,0
Cr Ga Mn Ni,0
Cr Ge Mn Ni,0
Cr In Mn Ni,0
Ga Mg Sc,0
In Mg Sc,0
Al Mg Ti,0
Ga Mg Ti,0
In Mg Ti,0
Al Mg V,0
Ga Mg V,0
In Mg V,0
Al Cr Fe Y,0
Cr Fe Ga Y,0
Cr Fe In Y,0
Cr Fe Ge Y,0
Cr Fe Sn Y,0
Cr Fe Sb Y,0
Bi Cr Fe Mn,0
Al Co Mn Ni,0
Bi Fe Hf,0
In Mn Zr,0
Mn Tl Zr,0
Mn Pb Zr,0
Mn Sb Zr,0
Co Ge Mn Ru,0
Al Co Ru V,0
Co Ga Ru V,0
Co Mn Ni,0
Co Cr Fe Ni Pd,0
Ir Rb,1
Mg Na,0
K Mg,0
Mg Sc,0
Mg Ti,0
Mg V,0
Cr Mg,0
Mg Mn,0
Fe Mg,0
Mg Rb,0
Mg Nb,0
Mg Mo,0
Mg Tc,0
Cs Mg,0
Hf Mg,0
Mg Ta,0
Mg W,0
Mg Re,0
Mg Os,0
Ag Rh,0
Nb Y,0
Pd Ru,0
Bi Ru Ta,0
Rh Sn Ta,0
Pb Rh Ta,0
Co Ga Sb V,0
Al Cr Hf Os,0
Cu Sn Zn,0
Al Co Mn V,0
Er Ni Tb,1
Ge Hf Ta,0
Fe Ge Sn Tb,1
Ca Ir,1
Al Ce Pd Y,1
Co Dy Fe Nd Ti,0
Au Gd Sb,0
Au Sb Tb,0
Au Dy Sb,0
Au Ho Sb,0
Au Er Sb,0
Au Bi Tb,0
Au Bi Dy,0
Au Bi Ho,0
Au Bi Er,0
Al Cr Gd,0
Ce Ga Sn,0
Hg Pb,0
Co Er Sn,1
Lu Pd Sc,0
Cu In Sr,0
Bi Sn Sr,0
Au Ce Zn,0
Ir Mg Pr,0
Al Fe Ge,0
Ir La Sn,0
Ir Lu Sn,0
Ir Mn Sb,0
Ir Nd Sn,0
Ir Os Sn,0
Ir Os Zr,0
Ir Pr Sn,0
Ir Pt U,1
Ir Pt Zr,0
Ir Sb U,0
Ir Sm Sn,0
Ir Sn Sr,0
Ir Sn Tm,0
Ir Sn U,0
Ir Sr,1
Al Cr Mn Nb,0
Al Cr Mn Ta,0
Al Mn Ti V,0
Al Cr Hf Ru,0
Al Cr Ni Sc,0
Cr Ga Ni Sc,0
Al Co Ti Zr,0
Cu Ta,0
Al Co Cr La,0
Co Cr Ga La,0
Bi Sm,0
Li Mg Pd Sb,0
Li Mg Pt Sb,0
Co Fe Sb,0
Ga La Ru,0
Ba Pb Sn,1
Pb Sn Sr,1
Au Eu In Sr,0
Co La Ti,0
Co La V,0
Ge Sm Zn,0
Al La Mg Ni,1
Eu Ga Mn,0
Au Ge,0
In Sn Tl,0
Al Cu Ta,1
Al Sb Yb,0
Al Sb Sr Yb,0
Er Ga Os,0
Ga Os Tm,0
Ba Hg Tl,0
Ce Ge Sb,0
Co Er V,1
Mg Ni Tb,1
Cs Pt,0
Ga La Mg,0
Ga Mg Pr,1
Bi Rb Sb,0
Au Ge Rb,0
Cd Gd Ru,0
Ge Lu Pt,0
Cs Rb Sn,0
Ge Pr Sb,0
Ge Nd Sb,0
Ca Eu Ni Zn,0
La Pb Sb,0
La Pd Sn,0
La Ru Sb,0
La Sb Sn,0
La Sb Y,0
La Tl Zn,0
Li Lu Sn,0
Li Mn Sb,0
Co Cr Ge Y,0
Co Cr Ga Y,0
Al Co Cr Y,0
Bi Pt Y,0
Bi Gd Pt Y,0
Au Gd Pb Y,0
Lu Sb,0
Co Ge V,0
Co In V,0
Co Eu,1
Ca In Sb,0
In Sb Sr,0
Cu Sb Yb,0
Ce In Ru,0
Al Gd V,0
Co Gd Sb,0
Al Ca Sr,1
Co Ga Mg,0
Au Sb U,0
Cd Pd Pr,0
Cd Pd Sm,0
Cd Dy Pd,0
Al Nb Sn,0
Nd Th,0
Pr Th,0
In Mn Sn Y,1
Li Sn V,0
Ca Mn Pb,0
Ca Fe Pb,0
Ca Cu Pb,0
Mn Pr Sn,1
Bi Co Tm,0
Ni Sb Zn,0
Er V,0
Cu Ga Li Mg,0
Na Sn Zn,0
K Na Sn Zn,0
Co Eu In,0
Co In K,0
In K Ni,0
Al Au Ca Ti,0
Al Au Sr Ti,0
Al Au Ti Yb,0
Ca In Li,0
Ge Na Sr,0
Bi Zr,0
Eu Ge Li,0
Ce Rh Zn,0
Pr Rh Zn,0
Nd Rh Zn,0
Cd Nd Rh,0
Cd La Ru,0
Cd La Pt,0
Al Gd Mg Ni,1
Al Co Ge Nd,0
K Na,1
La Li Sn,0
La Mn Sn,0
La Nd Os,1
La Os Sb,0
Al Cr Pt,0
Cr Ga Pt,0
Cr Ge Pt,0
Cr In Pt,0
Al Fe Pt,0
Fe Ga Pt,0
Fe Ge Pt,0
Fe In Pt,0
Fe Pt Sn,0
Ge Mn Pt,0
In Mn Pt,0
Ge Sn,1
Lu Ni Sb,0
Lu Pd Sb,0
Cd Ge Yb,1
Bi Sb,0
Hf Os Sn,0
Ru Sn Zr,0
Co Ge Ta,1
Li Mo,0
Bi Co Cr Sc,0
Co Nd Sm Y,1
Co Nd Sm Tb Y,1
Co Nb Re,1
La Mg Zn,0
Li Pr Sb,0
Li Nd Sb,0
Cu Ir Rh Sb,0
Al Bi Ca,0
Ca Ga Sb,0
La Sb Zn,0
Cr Nb V,1
Gd Ge La,0
Ce Rh Sb,0
Al Fe Nd Ti,0
Al Ru Ti,0
Os Sb Sm,0
Nd Os Sb,0
Ga Mg Y,1
Nb Ta Ti,0
Al Dy Er,1
Al Dy Ho,1
Al Dy Tb,1
Al Dy Pr,1
Dy In Ir,0
In Ir Sm,0
Ho In Ir,0
Gd In Ir,0
Ag Ba Bi,0
Au Ba Sb,0
Co Mg Sm,0
Ni Tb Zn,0
In Pr Zn,0
In Pt Th,0
In Pt U,0
In Sb Zr,0
In Sm Zn,0
In Yb Zn,0
Co Mn,1
Al Cr Fe Ni V,0
Co Cr Fe Ga,0
Co Ga Hf V,0
Al Co Ti V,0
Cr Ge Zn,0
Cr Sn Zn,0
Cr Fe Ga Hf,0
Al Cr Fe Ti,0
Al Cr Mn V,0
Co In V Zr,0
Cr Fe Ga Zr,0
Cr Fe In Zr,0
Fe Ge V Zr,0
Co Fe Hf Sb,0
Co Fe Ge Nb,0
Co Fe Ge Ta,0
Co Fe Sn Ta,0
Al Co Cr Os,0
Co Nb Os Sn,0
Co Ge Os Ta,0
Co Os Sn Ta,0
Co Os Sb Ti,0
Co Os Sb Zr,0
Al Co Cr Ru,0
Co Ru Sn Ta,0
Co Ru Sb Ti,0
Al Co Hf V,0
Co Ge Sc V,0
Co Sc Sn V,0
Co Ge V Y,0
Co Sn V Y,0
Al Co V Zr,0
Al Cr Fe Hf,0
Cr Fe Sc Sn,0
Al Cr Fe Zr,0
Fe Ge Hf V,0
Fe Hf Sn V,0
Al Fe Nb V,0
Al Fe Ta V,0
Al Co Ir Nb,0
Co Ga Ir Nb,0
Co In Ir Nb,0
Al Co Ir Ta,0
Co Ga Ir Ta,0
Co In Ir Ta,0
Co Ir Pb Ti,0
Co Ir Sn Ti,0
Fe Ir Sn Ta,0
Fe Ir Sb Ti,0
Ir Sn Ti Zr,0
Al Hf Ir V,0
Ge Ir Sc V,0
Ir Sc Sn V,0
Ir Sn V Y,0
Cr Ge Mn Zr,0
Cr Mn Sn Zr,0
Al Cr Mn Ni,0
Al Fe Mn Ni,0
Al Cr Ni Re,0
Al Cr Os Zr,0
Al Pt Sc V,0
Al Pt V Y,0
Ga Pt V Y,0
Fe Rh Sb Ti,0
Al Hf Rh V,0
Ge Rh Sc V,0
Rh Sc Sn V,0
Ge Rh V Y,0
Al Cr Ru Zr,0
Ag Rb Sb,0
Co Fe Sb V,0
Al Fe Hf V,0
Al Fe Ti V,0
Cu Ge Mn U,0
Ce Sb Ti,0
Pr Sb Ti,0
Nd Sb Ti,0
In Pd Sn Yb,0
Ir Sc Sn,0
Ce Li Sb,0
Lu Pt Sb,0
Sb U Y,0
Ag Bi Sr,0
Au Sb Yb,0
Al Cr Cu,0
Er Ge Li,1
Dy Zr,0
Co Dy Ge In,0
Co Ge Ho In,0
Co Ge In Yb,0
Cr Sb Yb,0
La Mg Pd,0
La Sb V,0
Ce Sb V,0
Pr Sb V,0
Nd Sb V,0
Sb Sm V,0
Gd Sb V,0
Sb Tb V,0
Dy Sb V,0
Al Cu Nb,1
Ag Au Sb,0
Cd Hf,0
Al Er V,0
Ag Ca Ge Mg,0
Ag Cu Sr,1
Ca Sr Zn,0
Ba Sr Zn,0
Cd Sr Zn,0
Ag Ca Zn,0
Ca Ga Zn,0
Ca Hg In,0
Au Ca Ga,0
Ag Ca Cd,0
Ga Nb Zn,0
Ga Ta Zn,0
Ba Li Na,0
Ce Mg Zn,0
Cs K Rb,1
Cs Rb,1
Ag Sn Y,1
Cd Co Dy,0
Cd Co Ho,0
Cd Rh Tb,0
Cd Dy Rh,0
Cd Ho Rh,0
Cd Ce Ru,0
Hg Li Sr,0
Eu Ni Sn,0
Ba Co Ge,0
Al Pd Zn,0
K Mg Sn,0
Li Pt Sb,0
Li Sn Tb,0
Lu Pt Sn,0
Lu Re,1
Lu Rh Sn,0
Lu Tc,1
Mg Ni Pd,0
Mg Pb Sr,0
Mn Mo,0
Ga La Sb,0
Ce Ga Rh,1
Gd La Sb Sn,0
Gd La Li Sb Sn,0
Gd La Na Sb Sn,0
Gd La Mg Sb Sn,0
In Ir Sb,0
Ni Sc Sn Zr,0
Bi Pb Pd Pt,1
Er Ga Mn Sn,1
Ag Ce Sb,0
Ga Mg Yb,0
Ga Li Y,0
Ag Ga Ti,1
Cm Ru,1
Cr Ge Pr,0
Cr Ge Nd,0
Cr Ge Sm,0
Hg Sb Zn,0
Al Ca Ga,1
Al Ca Sn,0
Al Ca Pb,0
Ca Ga Pb,0
Al Sn Sr,0
Ga Sn Sr,0
Ga Pb Sr,0
In Pb Sr,0
Co Sb Tb,0
Co Dy Sb,0
Co Ho Sb,0
Co Er Sb,0
Ge Sc Tb,0
Bi Ho Mn,0
Bi Er Ho Mn,0
Mg Sb Sr,0
Bi Fe,0
Ge In Ir Sr,0
Al Ce V,0
Au Ge Yb,0
Ga Hf Pd Pt,0
Al Eu Ge,0
Al Ge Pr,0
Ag Al Ge Pr,0
Ru Sb Zn,1
Nb Sn Tb,1
Bi Ce Ge,0
Ru Sn Zn,1
Pt Sn Y,0
Au Pt Sr,0
Cd Cu Nd,0
Cd La Pb,0
Cd Ce Sn,0
Cd Ce Pb,0
Bi Cd Ce,0
Cd Pr Sn,0
Cd Pb Pr,0
Cd Nd Sn,0
Cd Nd Pb,0
Cu Ru Sb,0
Cd Gd Pb,0
Mn Nd Zr,1
Mn Ni U,0
Mn Ni Y,1
Mn Pr Tm,0
Mn Rb Sb,0
Mn Re,0
Mn Sb Sr,0
Mn Sb Ti Zn,0
Mn Sc,1
Mn Sm,1
Eu Sn,1
Pm Sn,1
Sm Sn,1
Sn Tm,1
Co Mn Sb Ti,0
Cr Ge Ir,0
Au Cu Pr,1
Al Ce Ir,0
Al Dy Tm,1
Au In Pd,0
Co Sb Yb,0
Co Ge Mn V,0
Cd Mg Yb,1
Ce Ru Sn Zn,0
Ag Ga Hf,1
Al Rh Ti,0
Al Os Ti,0
Al Pt Ti,1
Lu Mo Sb,0
Cd Na Tl,0
Ag Al Gd,1
Al Ge Th,0
Ga Ge Th,0
Cd Cu Er,1
Ge Li Zr,0
Li Pb Zr,0
Co Fe Hf Ta,1
Co Hf Ta,1
La Pb Pd,0
Ce Pb Pd,0
Pb Pd Pr,0
Pb Pd Sm,0
Gd Pb Pd,0
Pb Pd Tb,0
Dy Pb Pd,0
Ho Pb Pd,0
Er Pb Pd,0
Pb Pd Tm,0
Lu Pb Pd,0
Au Cu Ni Pt Sn,0
Bi Er Mn,0
Pt Yb Zn,0
Au Yb Zn,0
Ge Sn Tm,0
Fe Ru Sm,1
Co Ru Sm,1
Al Lu Ru,0
Al Lu Rh,0
Al Ho Pd,0
Al Lu Pd,0
Al Ir Y,0
Al Ir Lu,0
Al Lu Pt,0
Al Ca Sb Yb,0
Au Ge In Yb,0
Bi Ce Zn,0
Bi Pr Zn,0
Sb Sn Zr,0
In Sb Yb,0
K Mg Pb,0
Cd Cu Pr,0
Fe Sb Zn,0
Ba Sn Sr,1
Gd In Ru,0
Ir Sb Y,0
Ag Cu Ga In,1
Mn Tc,0
Mn Th Y,0
Mn Yb,1
Mo Nb Ni,1
Mo Ni Ta,1
Mo Ni Ti,0
Al Ba Ga Ge,0
La Li Sb,0
Ba Ga Pt,0
Ho In Mg,1
In Mg Tm,1
Co La Sb,0
La Mn Sb,0
Fe Ge Mn Nd,0
Ni Pd Ti,0
Ca Co Sb,0
Al Ho Rh,0
Al Er Ir,0
Al Ce Ni U,0
Gd Ge Sn,0
Ge Sn Tb,0
Dy Ge Sn,0
Ge Ho Sn,0
Er Ge Sn,0
Ge Sn Y,0
Eu Mg Tl,0
Co Y Zn,0
Co Fe Sm,1
Al Dy Gd,1
Al Er Gd,1
Al Fe Gd,1
Ga Sb Y,0
Ag Ca Ce Sb,0
Al Np V,0
Al Pu V,0
Au Bi Na,0
Hg Na Pb,0
Au Cd Na,0
Bi Ca Mg,0
Ba Bi Na,0
Ge Li Sr,0
Cd La Ni,0
Cu Mg Tb,1
Ge In Nd Ni,0
Ge In Ni Sm,0
Al Cr Zn,0
Ir Sb Yb,0
Ni Sr,0
Co Sn Zn,0
Bi Sr Zn,0
Bi Eu Zn,0
Mg Ru Sm,0
Mg Sc Zn,1
Er Pt Zn,0
Ho Pt Zn,0
Gd Pt Zn,0
Nd Ru Sn,0
Ir La Sb,0
Ce Ir Sb,0
Ir Pr Sb,0
Ir Nd Sb,0
Gd Ge Zr,0
Tc Y,1
Ca Cd Cu,0
Ge Mg Nd,0
Ge La Sn,0
Ba Ni,0
Cd Cu Eu,1
Al Au Na,0
Mo Re Ru,0
Mo Ru Ta,0
Mo Ru W,0
Mo Ru Zr,0
Cr Ir Sb,0
Cr Ir Sn,0
Co Pt Sb,0
Pt Sb V,0
Cr In Zr,0
Co In Y,0
Sn V Zr,0
Ca Li,1
Dy In Mg,1
Fe Nd Sb,0
Ag Al Li,0
Ag Al Sc,0
Ag Au Cd,0
Ag Au Zn,0
Ag Be,1
Ag Bi Eu,0
Ag Bi Li,0
Ag Ca Mg,1
Ag Cd Ce,0
Ag Ce Cu In,0
Ag Ce In,0
Ag Ce Pd,1
Ag Cu Pr,0
Ag Cu Tb,1
Hf Li Sb,0
In Ni Sb,0
Sb Tl,0
Pd Sb Sr,0
Al Pr U,1
Al Pr Zn,0
Al Sn Zr,0
Au Ba Bi,0
Au Bi Sr,0
Au Bi Yb,0
Au Cu In,0
Au Dy Ge,0
Au Fe Nd,0
Au Sb Sr,0
Ba Bi Cu,0
Ba Cd Pb,0
Ba Hg Sn,0
Ba Na,1
Ba Pb Zn,0
Bi Hf Li,0
Bi Li Ti,0
Bi Li Zr,0
Bi Mn Sr,0
Ca Hg Pb,0
Ca Hg Sn,0
Ca In Ni,0
Ca Pb Pd,0
Cd Ga Na,0
Cd Sn Sr,0
Cd Tl Yb,0
Ce Dy Fe,1
Ce Ge Y,0
Ce La Ni Pt,0
Ce Ni Pt Y,0
Ce Ni Ru,1
Ba Cd Sn,0
Sn Yb Zn,0
Ce Os Sb,0
Hf Ni Ti,0
Ga Na Ni,0
Ga U Zr,0
Al Ce Co La Mn Nd Ni Pr,1
Al Co La Lu Mn Nd Ni Pr,1
Al Co La Mn Nd Ni Pr Y,1
Al Co Gd La Mn Nd Ni Pr,1
Al Co La Mn Nd Ni Pr Tm,1
Co In Mn,0
Fe Ni Ta,1
Eu Ge Li Sr,0
Cu K Sn,0
Cu Na Sn,0
Nb Ni V,1
Nb Re Ta,0
Nb Sb Sn,0
Ho Ni Tb,1
Li Sb Ti,0
Mn Pt Rh Sb,0
Al Cu W,0
Al Dy Fe,1
Al Dy Ga,1
Al Dy Hf,1
Al Dy Zr,1
Al Er Ga,1
Al Er La,1
Al Er Y,1
Al Eu Y,1
Al Fe Pr,1
Al Fe Sm,1
Pt Sb Sr,0
Bi Mn Na,0
Ca Pt Sb,0
Au Cu Fe,0
Ce Cu Pd,1
Ce Sn Tl,1
Co Dy Fe Tb,1
Co Er Mn,1
Co Ga Lu,0
Co Ge Ni U,0
Co Ho Zr,1
Co La Nd,1
Co Nd Pr,1
Cr Mn Ni Sb,0
Cr Mn Ni V Zr,1
Cr Mn Ni Zr,1
Cu Ga Na,0
Cu Ga U,1
Cu Ho Ni,1
Dy Fe Pr Tb,1
Cu Ni Sn Zn,0
In Mg Y,1
Cu Lu Sb,0
Ge La Rh Sb,0
Al Ni Pd Tb,1
Li Sn Tb Zn,0
Cd Cu Yb,1
Nb Ti Zr,0
Nb V Zr,1
Nd Ni Zr,0
Nd Re,1
Nd Ru Sb,0
Pd W,0
Pt W,0
W Y,0
Co Mn Sn Ti,0
Bi Ca Nd,0
Bi Ca Ce,0
Bi Ca Sm,0
Bi Ca Dy,0
Bi Ca Ho,0
Bi Ca Tm,0
Bi Ca Lu,0
Bi Ca Tb,0
Bi Ca Y,0
Bi Ca Ho Sb,0
Cu Fe Ge,0
Co Cu Ge,0
Ga Na Sb,0
Mg Pm,0
Bi La Ti,0
Au Cu Gd,1
Be Pt Th,0
In Mn Y Zn,0
Ca Eu Ge Pb,0
Eu Ge Pb Sr,0
Ca Mn Sb Yb,0
Au Cs Ga,0
Ni Ru Sb,0
Fe Ni Sb Yb,0
Bi Sn Yb,0
Cd Co Gd,0
Cd Co La,0
La Rh Zn,0
Ce Pd Zn,1
Cd Cu Gd,0
Ag Ce Zn,0
Cd Ge Y,0
Cd Ge Pr,0
Cd Ge Nd,0
Cd Ge Sm,0
Cd Gd Ge,0
Cd Ge Tb,0
Cd Dy Ge,0
Cd Ge Ho,0
Cd Er Ge,0
Cd Ge Tm,0
Eu Ge Mg,0
In Pr Rh,0
La Pb Rh,0
Pr Rh Sb,0
Mg Nd Ru,0
Cr Dy Ga,0
Ba Hg Zn,0
Al Eu Na Sb,0
Eu Ga Na Sb,0
In Na Sb Sr,0
Al Na Sb Sr,0
Ni Sc Y,1
Ni Sm Tb,0
Ni Sm Y,0
Ni Ta Ti,1
Ni Ta V,1
Ni Ti Y,1
Ge Pd Sr,0
Pd Ru Zr,0
Be La,0
Be Sm,0
Ce Fe Nd,0
In Mn Sn Zr,1
Ge Y Zn,0
Al Ce La Mn Nd Ni Pr,1
Al Ga Na,0
Ga Ge Mn Y,1
Sn Tb Zn,0
Al Cu Fe U,0
Er Fe Mn Sn,1
Bi La Zr,0
Bi Hf La,0
Mn Ni Sm Sn,0
Mn Ni Pr Sn,0
La Mn Ni Sn,0
Fe Nd Pd,0
Ga Nd Rh,1
Ga Gd Rh,1
Cd Eu Mn Sb Sr,0
Pa Pt,1
Pa Sb,0
Pb Pd Rh,0
Pb Pt Tl,0
Pb Sm,0
Pb Tb,1
Pb Ti Zr,0
Pb Tl,0
Pb Yb Zn,0
Pd Pt U,1
Al La V,0
Al Lu V,0
Al V Y,0
Bi Co Cr Ti,0
Co Cr Sb Ti,0
Fe Mn Ni Sn,0
Ba Mg Pb,0
Ge Sb,0
Eu Pt Sb,0
Rh Sn Tb,0
Ca Cu Zn,0
Cu Hg Zr,0
Fe Sn Y,1
Fe Pb Pr,0
Fe Hf Zr,1
Fe Lu Mo,0
Fe Lu Re,0
Fe Pr Re,0
Fe Tb Y,1
Ga Li Ru,0
Ga Li Zn,1
Ga Mn Nd,1
Ga Mn Pr,1
Ga Na Zn,0
Ga Nb Ti,0
Ga Sn Zr,0
Gd Pd Pt,1
Gd Tm Zn,0
Hf Mn Zr,1
Hf Pd Sn,0
Hg In K,0
Hg Rh,0
Ho Pr,0
Al Np Pd,0
Co Hf Sm,1
Al Ce Mg,1
Ce In Mg Rh,0
In Mg Rh Y,0
Gd In Ir Mg,0
In Ir La Mg,0
Ce In Ir Mg,0
Au Ca Pt,0
Co Ru Sn Yb,0
Ge Mg Tb,0
Ge Mg Sm,0
Dy Ge Mg,0
Ge Ho Mg,0
Ge Mg Tm,0
Ge Lu Mg,0
Er Ge Mg,0
Ge Mg Y,0
Nd Sb Sm,0
Nd Tl Zn,0
Ni Re,0
Ag Cr Nb,1
Cd Cr Nb,1
Co Cr Nb,1
Cr Cu Nb,1
Cr Hf Nb,1
Cr Ir Nb,1
Cr Mn Nb,1
Cr Nb Os,1
Cr Nb Pd,1
Cr Nb Pt,1
Cr Nb Re,1
Cr Nb Rh,1
Cr Nb Ru,1
Cr Nb Sc,1
Cr Nb Ta,1
Cr Nb Tc,1
Cr Nb W,1
Cr Nb Y,1
Cr Nb Zn,1
Cd Sb Sn,0
Ag Al Eu,1
Ge Mn Sn Tm,1
Cs Cu Ge Na,0
Ag Ga Sm,0
Ag Er Ga,0
Ag Ga Lu,0
Fe Ni Sn,0
Fe In Mn,0
Ag Tl,0
Al La Ti,0
Al Pr Ti,0
Al Sm Ti,0
Al Ti Yb,0
Al Pr V,0
Al Sm V,0
Al Cr La,0
Al Cr Sm,0
Bi Ge Pr,0
Bi Gd Ge,0
Bi Dy Ge,0
Bi Ge Tm,0
Ba Ga K Sn,0
K Mg Na Tl,0
Bi Co,0
Cu Sb V,0
Au Cu Lu,1
Ag Ca La Sb Sr,0
Cu Sb Yb Zn,0
Pd Sc Zn,0
Cd Nd Pd,0
Ag Al Ca Ge,0
Mg Pt Y,0
Np Pt,1
Np Re,1
Np U,0
Os Tb,1
Os Tm,1
Os Yb,1
Bi Cr Zr,1
Co Fe Ge Ru,0
Co Fe Ru Sn,0
Co Fe Ge Nb Zr,0
Ce Ru Sb,0
Fe Hf Nb Sb,0
Fe Nb Sb Ti,0
Fe Nb Sb Zr,0
Ge K Pt,0
Na Pd Sn,1
In Ir Lu,0
Cu Na Sb,0
Au Cd In,1
Fe Mo Pr,0
Ba Co Fe Sb,0
Al Ni Ru U,0
Co Ge Yb,1
Rh Sb U,0
Mo Os W,0
Mg Sn Y,0
Mg Pr Sn,0
Mg Sn Tm,0
Al Ge Nd,0
Bi Eu Sn,0
Al Mg Nd Ni,1
Bi Nd Pt,0
La Mn Sb Zn,0
Ce Mn Sb,0
Ce Mn Sb Zn,0
Mn Pr Sb Zn,0
Pr Sb Zn,0
Al Er Pd,0
Ca Cd Zn,0
Ca Cd Hg,0
Ca Hg Zn,0
Cd Hg Sr,0
Cd Pb Sm,0
Pr Pt Sb,0
Pr Re,1
Pr Rh,1
Pr Ru Sb,0
Pr Tb,0
Pr Tl,1
Pt Sb U,0
Pt Sb Y,0
Pt Sn Tm,0
Pu Re,1
Re Sm,1
Re Tb,1
Re Tb Th,1
Re Th,1
Re Th U,1
Au Sb,0
Ir Os Ru,0
Ru Sb U,0
Bi K Na Sn,0
Ca Ga Ge,0
Cu Pd Pr,1
Cu Nd Pd,1
Cu Pd Sm,1
Cu Eu Pd,1
Cu Gd Pd,1
Ag Ge Tm,1
Eu Rh Zn,1
Ga Hg Mg,0
Au Ge Nd,0
Ge Mn Sn Tb,1
Ge Ho Mn Sn,1
Ge Lu Mn Sn,1
Ge La V,0
Ce Ge V,0
Ge Pr V,0
Ge Nd V,0
Ag Ge Sm,0
Gd Pd Y,0
Ba Ga Ge Sb,0
In K Sr,0
Cd Cs Tl,0
Cd Rb Tl,0
Al Re Yb,0
Al Cu Eu,0
Ag Al Ba Sr,0
Au K Na Tl,0
Au K Sn Tl,0
Cs Tl,1
Cs Rb Tl,0
Cs K Sn,0
In Na Rb,0
Cs Pd Tl,0
Au Ni Zn,0
Ge Nb Sn Zr,0
Bi Eu K Sn,0
Al Fe Ga,0
Al Eu Ti,0
Al Gd Ti,0
Cd Pd U,0
Al Cu Ge Tb,0
Au Cu Nd,1
Cd Pr Ru,0
Dy Mg Rh,0
Er Ir Mg,0
Gd Mg Rh,0
Mg Rh Y,0
In Ir Pr,0
Er In Ir,0
Re Th Y,1
Re Tm,1
Re Yb,1
Rh Sn Tm,0
Ru Tb,1
Ru Tm,1
Ru V Zr,1
Ru Yb,1
Rh Ti V,1
Nb Rh Ti,1
Rh Ta Ti,1
Fe Na,0
Bi Mg Sr,0
K Pd Tl,0
Bi Ga La,0
Pd Sr Tl,0
K Tl Zn,0
Sb Sn Sr,0
Hf Sb Ti,0
Dy Fe Ge Sn,1
Fe Ge Ho Sn,1
Er Fe Ge Sn,1
Al Fe La Ni,1
Al Cr La Ni,1
Al La Mn Ni,1
Eu La Pd,1
Gd Sn Ti,1
Al Pd Pu,0
Al Cu Ni Zr,0
Co Pr Sn,0
Mg Nd Y,0
Eu Mg Y,1
Mg Tb Y,1
Mg Sm Y,1
Gd Mg Y,1
Al Cr Ta,1
Al Ba K Sn,0
Cd Pr Pt,0
Cd Nd Pt,0
Cd Pt Sm,0
Ag Ce Cu,0
Al Ce Co Ge,0
Al Ce Ge Pd,0
Sb Sn Zn,0
Sb Th U,0
Sc Tc,1
Be Ge,0
Ge Zn,0
Cd Ge,0
Ge In,0
Bi Ge,0
Ge Hg,0
Ge Tl,0
Ca In Sb Zn,0
Mn Re Y,1
Er Mn Re,1
Mn Sb Yb Zn,0
Bi Mn Yb,0
Al Co Ni U,0
Fe Pd Sb,0
Bi Cu La,0
Al La Sn,1
Al Mg Ni Y,0
Cr Ga Sb,0
Al Cu Ir,0
Co Nd Ti,0
Co Ho Mn,1
Ba Sb Sn,0
Al La Mn Ni Pb,0
Ce Ge Os,0
Bi Gd Ir,0
Al Nd Ru,0
Pr Sn Y,1
Ge Sm Sn,0
Ca Hg Li,0
Cd Ce Pd,0
Cu Gd Mg,1
Al Rh Yb,0
Sm Tl Zn,0
Sn Ti Zr,0
Ta Zn,1
Tb Tc,1
Tc Th,1
Tc Tm,1
Tc Zr,1
Th Zr,0
In V,0
Ca Mn Sn,0
Mn Sn Sr,0
Bi Co Cr,0
Al Os Sm,0
Al La Ru,0
Al Pr Ru,0
Hf Tl,0
Hf Pb,0
Mg Mn Ni,0
Fe Pb Tm,0
Fe Lu Pb,0
Fe Gd Sb,0
Eu Ga Sb,0
Ga Nd Zn,0
Be Zn,0
Co Dy Fe Ga,1
La Mn Ni Y,1
Hf V Y,1
La Pb Zn,0
Cd Eu Ge,0
Al La Mn Sn,0
Al Fe La Ni Sn,0
Al La Mn Ni Sn,0
Bi Ca La Mn,0
Bi Ca Ce Mn,0
Bi Ca Mn Nd,0
Bi Ca Mn Pr,0
Bi Ca Mn Sm,0
Bi Ca Gd Mn,0
Bi Ca Mn Tb,0
Bi Ca Dy Mn,0
Bi Ca Ho Mn,0
Bi Ca Er Mn,0
Cs Ge Li Na,0
Al Hf Sb,0
Ag Pb Pd,0
Ba Li Pb,0
Eu Pb Pd,0
Co Mg Tm,0
Na Sb Sn,0
Au Ce Cu,0
Ce Mn Sn,0
Sn Zn Zr,0
Dy Fe Sm,1
Al Ti V Zr,0
Ga Ti V Zr,0
Bi Ho Rh,0
Ho Pd Sb,0
Ir Li Mg,0
Co Cr Sb,0
Bi Mn Sb Yb,0
Ni Sn Y Zr,0
Ce Sc,0
Mg Ru Tb,0
Gd Mg Ru,0
Cd Er Rh,0
Cd Dy Ir,0
Cd Ir Y,0
Ce Ga Mn,1
Ni Sm Zn,0
Gd Ni Zn,0
Dy Ni Zn,0
Er Ni Zn,0
Pd Sm Zn,0
Gd Pd Zn,0
Dy Pd Zn,0
Cd Cu Sm,0
Cd Cu Dy,0
Cd La Pd,0
Ag Pb,0
Au Ge La,0
Au Ge Pr,0
Au Ge Sm,0
Au Gd Ge,0
Au Ge Tb,0
Au Ge Y,0
Fe Ti Tm,0
Cu Ni Sb U,0
Pr Ru Sn,0
Ru Sm Sn,0
Ce Ni Pt Sn,0
Ni Sb Sn U,0
Fe Ni Sm,1
Al Fe Pr Sc,0
Al Fe Pr Y,0
Al Au U,0
Au Th U,0
Ir K,0
Al Rh Th U,0
Al Rh Th,0
Al Lu Rh U,0
Al K Sn,0
Al Rb Sn,0
Ba Ga Li,0
Al Cr Dy,0
Co Ni Sb Sn Ti,0
Co Fe Sb Sn Ti,0
Ca Fe Ge,0
Cr Ti V,0
Fe Mn Ti V,0
Au La Zn,0
Au Nd Zn,0
Au Sm Zn,0
Au Gd Zn,0
Au Dy Zn,0
Au Er Zn,0
Al Eu Zn,0
Au Cs Ge,0
Au Ge K,0
In Mg Sm,1
Ge Mg Pr,0
In Ir Zr,0
Os Sb Sr,0
Ba Fe Sb,0
Ba Os Sb,0
Ge Pt Yb,0
Sb U V,0
Cr Sb U,0
Au Sn Y,0
Al Cr Nd,0
Al Cr Tm,0
Al Mo Y,0
Al Mo Nd,0
Al Mo Sm,0
Al Gd Mo,0
Al Mo Tb,0
Al Dy Mo,0
Al Er Mo,0
Al Mo Tm,0
Al Lu Mo,0
Al Mo Th,0
Al Mo U,0
Al W Y,0
Al Nd W,0
Al Sm W,0
Al Gd W,0
Al Tb W,0
Al Dy W,0
Al Ho W,0
Al Er W,0
Al Tm W,0
Al W Yb,0
Al Lu W,0
Fe Pr Zn,0
Cd Fe Pr,0
Fe Hg Pr,0
Ag Fe Nd,0
Fe Nd Zn,0
Cd Fe Nd,0
Fe Hg Nd,0
Ce Fe V,0
Ni Pt U,0
Au Cu U,1
Co Fe Gd Ti,0
Ge Mn Sn,0
Ge Mn Pb,0
Co Mo Y,0
Co Fe Mo Y,0
Cr La Pb,0
La Mn Pb,0
Fe La Pb,0
Co La Pb,0
La Pb Ru,0
Ga Ge U,0
Ag Al Nd,0
Fe Pr Ti,0
Ce Ge La Pt,0
Ce Ge Pt Y,0
Ag Bi Ca,0
Ca Cu Sb,0
Ca Pb Zn,0
Ce Co Ti,1
Ce Co V,1
Co Er Fe Mn,1
Pb V Zr,0
Cr Pb Ti,0
Co Cr Mn Sb,0
Ag Eu Ge,0
Al Au Ce Pd,0
Ca Pb Rh,0
Ga Mg Ni,0
Cu In Zn,0
Ge In Rh,0
Co Nd Pr Sm,1
Sn V Y,1
Gd Sn V,1
Dy Sn V,1
Ho Sn V,1
Er Sn V,1
Sn Tm V,1
Lu Sn V,1
Bi Dy Fe Mn,0
Bi Cu Zr,0
Mg Ni Sc,1
Er Mg Ni,1
Lu Mg Ni,1
Mg Nd Sn,0
Mg Sn Tb,0
Ce Fe Lu,0
Be Cu Y,1
Be Cu Nd,1
Be Cu Sm,1
Be Cu Gd,1
Be Cu Tb,1
Be Cu Dy,1
Be Cu Ho,1
Be Cu Tm,1
In Nd Ru,0
Al Gd Rh,0
La Pt Zn,0
Mn Ru Sn,0
Ba Pd Sb Sn,0
Bi Ce Ni,0
Ca Li Mg Zn,0
Ho Sn Zn,0
Er Sn Zn,0
Sn Tm Zn,0
Lu Sn Zn,0
Sn Ti Tm,0
Lu Sn Ti,0
Nd Pd Zn,0
Pd Tb Zn,0
La Ni Rh,1
Cr Mn Sc,1
Ga Hf Sn,0
Bi Eu Sr Ti,0
Ge K Tl,0
Ge Rb Tl,0
Co Cu Fe Ge,0
Eu In Zn,0
Au Eu Sn,0
Mo Sn Zn,0
Ba K Sb Sn,0
Fe Hf Sb,0
Bi Ca Pd,0
Hf In Rh,0
Co Mg Sn,0
Pr Pt Zn,0
Mg Ru Y,0
Eu Ga Pt,0
Lu Pb Rh,0
Er Pb Rh,0
Dy In Ru,0
Ag Ca Sb Zn,0
Mo Nb Ti Zr,0
Mo Nb Ti,0
Co Fe Mo Sm,0
Ca Co Ni Sb,0
Au La,0
Gd Ge Mn Sn,1
Ge Mn Sm Sn,1
In Rh Sb,0
Er Ni Sn Zr,0
Cu Li Sb,0
Al Cr Mn Ti,0
Bi Mn Rh,0
Am Pu,0
Ge In Nd,0
Ge In Pr,0
Fe Mn Tb Y,1
Co Gd Y,1
Co Pr Sb,0
Co Nd Sb,0
Al Au Th,0
Cu Pd Th U,1
Cu La Pd U,1
Cu Pd U Y,1
Ge Mo U,0
Ge Np Tc,0
Cu Er Sb,0
Au Sb Sm,0
Au Ce Pt U,1
Au Ce Pt,1
Ce La Rh Sb,0
Ce Pd Rh Sb,0
Ce La Ni Sn,0
Ce Ni Sn Y,0
Ce Ni Pd Sn,0
Al Co Fe Sm,0
Ge Mn Nd Sm,0
Bi Fe Pr,0
Bi Fe Nd,0
Co In Pr,0
Co In Nd,0
Co Dy In,0
Cs Fe Sb,0
Cs Pt Sb,0
Bi Cs Pt,0
Cs Pd Sb,0
Bi Cs Pd,0
Bi Cs Ni,0
Fe Sb Sr,0
Co In Ti Zr,0
Ce Cr Sb,0
Au K Sb,1
Ag Au Sn,0
Ag Bi Cu,0
Al Ba Ni,0
Al Bi Pd,1
Al Ce Lu,1
Al Ce Sr,1
Al Co Sc Y,1
Al Cr Eu,0
Al Cr Mo,0
Al Cr V,0
Al Cu In,0
Al Cu Mn Pd,0
Al Cu Pt,0
Al Fe Ga Ti,1
Co Nd Pr Sm Y,1
Co Pr Sm Y,1
Au Ce Ga,0
Dy Mg Sn,0
Ho Mg Sn,0
Er Mg Sn,0
Fe Ho Pr,1
Co Ga Mn V,0
Co U Zn,0
Ru U Zn,0
Rh U Zn,0
Ir U Zn,0
Al Mo Pd,0
Ce Mg Ni Y,1
Gd Mg Ni Y,1
Al Gd Mg Ni Y,1
Er Ge In,0
Ge In Y,0
Ce Fe Ge Ni,0
Fe Ge La Ni,0
Ca Mg Zn,1
Au Ni Tb,1
Au Dy Ni,1
Au Ho Ni,1
Au Er Ni,1
Au Ni Tm,1
Au Ni Yb,1
Al Mn Yb,0
Co Pd Sb,0
Ca Rb Sb,0
Al Ge Rb,0
Ca Ir Sn,0
Hf Sb V,0
Cd Ce Ni,1
Ca Lu Pt Sn,0
Ce Mg Pd,0
Ag Cd Yb,1
Cr Ga Zn,0
Hf Ru Zn,0
Fe Nb Zn,0
Ba Ge Sn,0
Co Ga Zn,0
Co In Zn,0
Mg Pr Pt,0
Li Ru Sn,0
Mg Nd Pt,0
Au Ce Mg,0
In K Sb,0
Na Rb Sb,0
Au Na Rb Sb,0
Au Rb Sb,1
Al Dy U,1
Al Ga,0
Al Ga Ge Nb,0
Al Ga In Sb,0
Al Ga Sm,0
Al Ga Tb,0
Al Gd Y,1
Al Mg Mn,0
Al Mg Nd,1
Al Mg Pr,1
Al Mo Nb Sn,0
Al Nb Sn V,0
Al Nd Sn,0
Al Pr Sr,1
Al Sc Yb,1
Al Sn,0
Al Sn U,1
Al Ti Zn,1
Am La,0
Am Ni,1
Am Sb,0
Au Bi,1
Au Co,0
Au Co Fe,0
Au Cu Ge,0
Au Er Ge,0
Au Ga In,0
Au In Sb,0
Au Mo,0
Au Pd Pt,0
Be Cu In,1
Be Ta Ti,1
Bi Ge Pd,0
Ba Rh,1
Cd Li Sn,0
Ce Co Ru,1
Ce Cu Nd Ni,1
Ce Er Th,0
Ce Fe Ho,1
Ce Pd Sc,1
Ce Pr,0
Co Cr Er,1
Co Cr Mn Sn,0
Co Cr Ti,0
Co Cu Ti,0
Co Dy Tb,1
Co Er Gd,1
Co Ni Pd V,0
Co Ni Sc Sn,0
Co Os,0
Cr Ga Y,1
Cr Mn,0
Cr Mn Pt,1
Cr Mn Ni,0
Cr Ni V,0
Ca Pr Sb,0
Ca Gd Sb,0
Ca Sb Tb,0
Ca Dy Sb,0
Ca Sb Tm,0
Ca Er Sb,0
Ca Lu Sb,0
Ca Ho Sb,0
Ag Ca Mn Sb,0
Ag Mn Sb Yb,0
Ce Co Sb Sn,0
Cu Pd Sn,0
Au Pd Sn,0
Ba Bi Pt,0
Mg Tl Y,1
La Mg Tl,1
Ce Mg Tl,1
Mg Sm Tl,1
Cd Nd Ni,1
Cd Ni Sm,1
Cd Dy Ni,1
Mo Sb Ti,0
In Ni V,0
Ge Rh V,0
Cr Ga Rh,0
Au K Rb Sb,1
Ge Tc U,0
Ge Np Ru,0
Ge Nb U,0
Ge Mg Sr,0
Cu Ga Zn,0
Cu Er Tl,0
Cu Fe Ni,0
Cu In Pt,0
Cu Mn,0
Cu Pb,1
Cu Sb Sn,0
Dy Ni Re,1
Fe In Ni,0
Fe Os,0
Ga Ge Sb,0
Ga Sb Sm,0
Gd La Tl,0
Gd Sc,0
Ge In Sb,0
Ge Ir Nb,0
Hf W Zr,1
Hg Pb Yb,0
In La Y,1
In Pt Ti,0
In Sn Th,1
La Os Th,1
Lu Zr,0
Mo Nb Re,0
Nb Pd Zr,0
Nb Re V,0
Ni Pb,0
Pr Pu,0
Pr Th Y,0
Pt Sn Th,0
Tb Th,0
Hg K Na,0
Co Ga Ge Mn,0
Gd In Sm,1
Cd Ni Sc,1
Cd Ni Tb,1
Cd Ho Ni,1
Cd Ni Tm,1
Cd Ni Yb,1
Cr Mo Ta,0
Co Eu Sb,0
Ag Ge Yb,1
Cd Cu Ho,1
Cd Cu Tm,1
Al Au Ge Nd,0
Al Au Gd Ge,0
Al Au Er Ge,0
Al Au Eu Ge,0
Cd Gd Ni,1
Cd Lu Ni,1
Mg Pt Tm,0
Ho Mg Pt,0
Eu Mg Pt,0
Dy Mg Pt,0
Cu Pb Sc,0
Ni Pb Sc,0
In Pr Ru,0
Ag Gd Ge,1
Ag Dy Ge,0
Ag Er Ge,0
Au Ge Sc,0
Au Ge Lu,0
Fe Ge La Mn,0
Ge Sc Yb,0
Cd La Sb,0
Be Tb,0
Al Co Cu Fe Ni,0
Co Ge Hf,1
Al Ce Th,0
Co Ge Mo,1
Ag Sb Sn,0
Be Pt,1
Mg Pu,0
Co Ge Sn,1
Ho Mn Ni,1
Ag Cu La,0
Au Cu La,0
Ba Ge In Sb,0
Nb Pd Rh Sc Zr,0
Au Sb Tl,0
Ca Pd Sb,0
Eu Ge Y,0
Bi Ge Y,0
Ga Mn Ru,0
In Mn Ru,0
Cr Ge Rh,0
Fe Ge Rh,0
Rh Sb V,0
In Rb Sb,0
La Sb Zr,0
Hf La Sb,0
Cr La Sb,0
Nb Ru Sb,0
Ag Sb Yb,0
Cu Ge Mn Nd,0
Ir Tl,0
Al Co Fe Mn,0
Co Fe Ga Mn,0
Co Fe Ge Mn,0
Al Am Pd,0
Ga Mn Ni Pt,0
Fe Ge Mn Ni,0
Al Cu Ni Pr,1
Ga Sn Tb,1
Al Co Yb,1
Bi Pt Sr,0
Cd Nd Sb,0
Cd Pr Sb,0
Cd La Sb Yb,0
Mg Pd Sr,0
Ga Mn Sm,0
Co Gd La,1
Ga Os U,0
Bi La Pd,0
Cr Ge Pd,0
Fe Ge Pd,0
Cr Dy Ge Mn,1
Ge Ti Y,0
Ge Ti Tm,0
Cu Ge Mn Pr,0
Ca Eu Ga,0
La Mn Ni Zr,0
Eu Ge In Rb,0
Rh Sb Th,0
Nd Sb Zn,0
Sb Sm Zn,0
Hg K Sn,0
Ba Co Sn,0
Ag Ga Ho,0
Ag Dy Ga,0
Ag Ga Tm,0
Au Ga U,0
Ce In Pd Rh,0
Ge Mn Np,0
Hg Pb Sr,0
Eu Mg Pb,0
Mg Pb Yb,0
Hg Sn Yb,0
Eu Hg Pb,0
Ba Hg Pb,0
Eu Hg Sn,0
Ce Ga Pd Y,0
Al Fe Lu Ti,0
Ce Fe Mo,0
Co Ga Ni U,0
Ge Ni Pd U,0
Ge Pd Pt U,0
Cu Sm Y,0
Ga Tc,0
In Mo,0
In W,0
Dy Ge Sc,0
Ge Ho Sc,0
Er Ge Sc,0
Ge Sc Tm,0
Eu Ga Sr,0
Eu Ga La,0
Bi In Li,0
Li Sn Sr,0
Ba Eu Li Sn,0
Ca Eu Li Sn,0
Ca Li Sn Sr,0
Ba Li Sn Sr,0
Be Pt Y,0
Ag Eu Ga,1
Ce Fe Zn,0
Ag Sb Y,0
Ga Ge Tb,0
Ag In Zr,0
Nb Ni Sc Sn,0
In Ni Sb Zr,0
Hf In Ni Sb,0
Co Cu Sn Zr,0
Co Cu Hf Sn,0
Ce Ga Li,0
Ga La Li,0
Ga Li Pr,0
Ga Li Nd,0
Ce Fe Mg,0
Fe Sm Zn,0
Ga Lu Y,1
Bi Ho Ni,0
Ag Pr Sb,0
Al Co Ru U,0
Al Co Pt U,1
Al Co Rh U,1
Al Fe Nd V,0
Ga Mo W,0
Al Er Zn,0
Sb U Zr,0
Bi La Mg,0
Ba Ga Na Sb,0
Ba In Pb,0
Bi Cu Yb,0
Ca Co Sn,0
Au Ce In Mg,0
Ba Bi Pd,0
Bi Pd Sr,0
Pt Sn Zn,0
Al Ba Pb,0
Bi La Sc,0
Al Ce Mn Zn,0
Al Dy Mn Zn,0
Al Er Mn Zn,0
Al Gd Mn Zn,0
Al Mn Nd Zn,0
Al Mn Sm Zn,0
Al Mn Yb Zn,0
Ce In Mn Zn,0
Dy In Mn Zn,0
Er In Mn Zn,0
Gd In Mn Zn,0
In Mn Nd Zn,0
In Mn Pr Zn,0
In Mn Sm Zn,0
In Mn Yb Zn,0
Co Mg Pr,0
Co La Mg,0
Co Er Mg,0
Dy Fe Nd Ti,0
Ce Co Mo,0
Co Mo Pr,0
Co Mo Nd,0
Co Mo Sm,0
Er Fe Y,1
Co Fe Mo Nd,0
Cu Gd La Sn,0
Cu Gd Sn Y,0
Hf Ir Sb,0
Ir Sb Zr,0
Hg Rb Sb,0
Bi Li Tl,0
Li Sb Tl,0
Mg Ni Ti,0
Ti Y,0
Al Ga Pu,1
Al Eu Sn,0
Ga Mn Yb,0
Eu Ge Sc,0
Dy Ge Li,0
Ge Li Tb,0
Cr Fe Re,0
Co Cr Re,0
Co Cu Ga,0
Co Cu Sb,0
Co Ga Ir,0
Co Ge Ir,0
Co In Ir,0
Co Ir Sb,0
Co Ir Sn,0
Co Ga Pd,0
Co Ge Pd,0
Co In Pd,0
Co Pd Sn,0
Co Ga Pt,0
Co Ge Pt,0
Co In Pt,0
Co Ga Rh,0
Co Ge Rh,0
Co In Rh,0
Co Rh Sb,0
Mn Os Sb,0
Cu Fe Ga,0
Cu Fe Sb,0
Fe Ga Ir,0
Fe Ge Ir,0
Fe In Ir,0
Fe Ir Sb,0
Fe Ir Sn,0
Fe Ga Os,0
Fe Ge Os,0
Fe In Os,0
Fe Os Sb,0
Fe Os Sn,0
Fe Ga Pd,0
Fe In Pd,0
Fe Pd Sn,0
Fe Rh Sb,0
Fe Ge Ru,0
Fe In Ru,0
Fe Ru Sb,0
Ga Mn Os,0
Ge Mn Os,0
In Mn Os,0
Ge In K Sb,0
Ga Ru Yb,0
Ag In Mg,0
Ag In Zn,0
Ag Mg Tb,0
Dy Ga In Pt,0
Ga In Pt Tm,0
Er Ga In Pt,0
Ca Cu Mg,1
Cu Mg Sr,1
Al Ge Ni Y,0
Al Gd Ge Ni,0
Al Ge Lu Ni,0
Ce Fe Zr,1
Be Li,0
Co Li Sn Tm,0
Ge Pt Ti,0
Ba Ru Sb,0
Bi Ni Sn Zr,0
Ga Ho Zn,0
Ga Hf Sb,0
Ni Y Zr,1
Gd Ni Zr,1
Ni Tb Zr,1
Dy Ni Zr,1
Ho Ni Zr,1
Er Ni Zr,1
Ni Tm Zr,1
Ni Yb Zr,1
Lu Ni Zr,1
Co La Mg Nd Ni,1
Al Ho Pt,0
Bi Cu Ho,0
Ho Mn Sn Y,1
Al Eu Sb,0
Ge Ho Nb,0
Ge Nb Y,0
Er Ge Nb,0
Dy Ge Nb,0
Ge Nb Tb,0
Gd Ge Nb,0
Ge Sc Ta,0
Ge Ho Zn,0
Ge Tm Zn,0
Ge Lu Zn,0
Ag Eu Zn,0
Bi K Mn,0
K Mn Sb,0
Ca Pt Sn,0
Ca Pb Pt,0
In Ir Mn,0
Mn Os Sn,0
Mn Ru Sb,0
Co Ga Ru,0
Co Ge Ru,0
Co In Ru,0
Co Ru Sb,0
Co Ru Sn,0
Ba Mg Sb,0
Ba Bi Mg,0
Be Na Sb,0
Al Ge K,0
Pb Rh U,0
Pr Pt Sn,0
Er Fe Ga Ho,0
Co Fe Ti Y,0
Co Fe La Ti,0
Fe Gd Nb,0
Ba Ga Sr,0
Ce Gd Ni,1
Al Ce Ga Pd,0
Al Ga La Pd,0
Ge La Nb,0
Al Tm Zn,0
Al Lu Zn,0
Cu Mg Pr,1
Cu Mg Sm,1
Cu Eu Mg,1
Cu Dy Mg,1
Cu Ho Mg,1
Mg Sb Zn,0
Sb Sc U,0
Au In K Rb,0
Au In Rb,0
Ba Ga Pb,0
Al Mn Y Zn,0
Co Cr Fe Zr,1
Cr Cu Fe Zr,1
Ag Cu U,1
Be Er,0
Be Tm,0
Be Yb,0
Cu Gd Y,0
Pb Sb Zr,0
Ag Cu,0
Pb Sn Zr,0
Al Pb Zr,0
Fe Pb Zr,0
Ga Pb Zr,0
Ge Pb Zr,0
Ag Pb Zr,0
Cd Pb Zr,0
Co Pb Zr,0
In Pb Zr,0
Al Pd Pr,0
Ag Cu Ho,1
Co Gd Mo,0
Co Dy Mo,0
Co Er Mo,0
Ag Cu Dy,1
Bi Eu Pd,0
Ag Au Hg,0
Fe Sc Ta,1
Au Cd Gd,0
Cd Gd Zn,0
Al Ru Th,0
Ni Pr Sb Sn,0
Ni Sb Sm Sn,0
Gd Ni Sb Sn,0
Ni Sb Sn Tb,0
Ba Sn Yb,0
Au Cs In,0
In Mg Sr,0
Ba In Mg,0
Ba In Zn,0
Eu Ga Sn,0
Ba Bi Sr,0
In Na Sb,0
Cs Ga K Sb,0
Al Cs K Sb,0
Cs Ga K Rb Sb,0
Rb Sb Sn,0
Ge Pd Ti,0
Ge Hg K,0
Ba In Tl,0
Sb Tb Ti,0
Sb Ti Yb,0
Pb Rh Yb,0
Ag Hf Pd,0
Ag Mn,0
Ag Mn Sn,0
Ag Mn Zn,0
Ag Pd Sn,0
Ag Pd Th,0
Ag Pd Yb,0
Ag Pd Zr,0
Ag Pu,0
Ag Sb Zr,0
Ag Zn Zr,0
Al Au Ga,0
Al Au In,0
Al Be U,0
Al Ca Er,1
Al Ca In Sb Yb,0
Ca In Sb Yb,0
Al Gd Mn W,0
Al Fe Gd W,0
Al Mn W Yb,0
Al Fe W Yb,0
Li Sb Sm,0
Dy Li Sb,0
Ho Li Sb,0
Au Ba Ga Ge,0
Co Cu Zr,0
Co Mg Ni Y,1
Cu Ho In Ni,0
Co In Ni Ti,0
Co Fe Ga Ti,0
Co Fe Ge Ti,0
Al Co Fe V,0
Co Fe Ga V,0
Co Fe Ge V,0
Cr Cu In,0
Al Au Ce Cu,0
Al Au Cu La,0
Co In Ni Sn Ti,0
Al Ce Ge Pt,0
Ca Ni Zn,0
Ca Pd Zn,0
Ca Pt Zn,0
Ag Cs Ge Na,0
Bi Ce Rh,0
Ag Al Ca Zn,1
Er Fe In,0
Ho Mg Rh,0
Er Mg Rh,0
Bi La Zn,0
Ge Li Rh,0
Cs Hg Sn,0
Nd Sb Sn Ti,1
Sb Sm Sn Ti,1
In Ni Sr,0
Ag Al Ge,0
Ag Al Sn,0
Ag Al Th,0
Ag Au U,0
Ag Bi Yb,0
Ag Ca Hg,0
Ag Er Pd,0
Ag Cu Gd,1
Ag Cu Ti,0
Ag Cu Tm,1
Ag Cu Yb,1
Ag Ga Mo,0
Ag Ga Nd,0
Al Fe Mg,0
Al Fe W,0
Cd Mg Y,0
Ca Ge Na Sb,0
Ca Ge Li Sb,0
Ca Na Sb,0
Ca Ge Sb,0
Ce Sb Sn,0
Gd Ge Y,0
Al Au Ca Cr,0
Al Au Ca Hf,0
Al Au Ca Mo,0
Al Au Ca Nb,0
Al Au Ca V,0
Al Au Ca W,0
Al Au Ca Zr,0
Al Au Cr Eu,0
Al Au Eu Hf,0
Al Au Eu Mn,0
Al Au Eu Re,0
Al Au Eu Ti,0
Al Au Eu V,0
Al Au Eu Zr,0
Al Au Mn Sr,0
Al Au Nb Sr,0
Al Au Hf Yb,0
Al Au Nb Yb,0
Al Au Ta Yb,0
Al Au V Yb,0
Al Au Yb Zr,0
Ge Nd Sn,0
Mg Mn Sb,0
Al Fe Ni Yb,0
Cd Gd Ir,0
Cd Gd Pt,0
Sb Sm Ti,0
Rh Sm Zn,0
Gd Rh Zn,0
Rh Tb Zn,0
Ho Rh Zn,0
Ho Sb Zn,0
Dy Sb Zn,0
Al Ba Ca,1
Al Ba Sr,1
Al Co Fe La,0
Al Co Fe Pr,0
Al Co Pu,0
Al Cr Hf,1
Al Cr Np,0
Al Cu Gd Th,0
Al Cu Sc Yb,0
Al Cu Th,0
Co Sc Ta,1
Co In Sc Ta,1
Ga Li Sr,0
Bi Mg Na,0
Ba Cd Ge Li,0
Fe Na Sb,0
Bi Pt Yb,0
Er Fe Nb,0
Au K Tl,0
Au Rb Tl,0
Al Eu Pd,0
Ca Ni Yb Zn,0
Ga Ho Sb,0
Al Dy Pd,0
Al Dy Pt,0
Al Eu Ga,1
Al Fe Hf,1
Al Fe Mn Sm,0
Al Fe Pu,1
Al Fe Re,1
Al Co Cr Mn,0
Al Fe Lu Mn,0
Fe Ga Lu Mn,0
Fe Ga Mn Y,0
Co Cr Ge Lu,0
Al Fe Mn Y,0
Fe Ge Nb V,0
Cu Pt Sn,0
In Li Zn,1
Cs Na,1
Co Mn Sc Sn,0
Co Fe Ga Sc,0
Ag Ge Mn Nd,0
Cd Ge Mn Nd,0
Sn Sr Tl,0
Au Bi K,0
Ba Sb Ti,0
Eu Ru Sn,0
Eu Ru Sn Y,0
Ge In Rb,0
Ca Cd K Sb,0
Ce Pb Zn,0
In La Pb,0
Ge Rh Ta,0
Ca Eu Ge,0
Eu Ge Sr,0
Ca Ge In Yb,0
Ba In Li,0
Al Ga Pr,0
Al Ga Sb,0
Al Gd Pt,0
Al Gd Sc,1
Al Ge Pd,0
Al Ge Re,0
Al Ge Sc,0
Al Hf Ir,1
Al Hf Mn,1
Al Hf Os,0
Al Hf Rh,1
Al Hf Ru,1
Al Ir Th,0
Al Ir Zr,1
Al Lu Mn,0
Al Mg Mo,0
Al Mg Ta,0
Al Mg W,0
Al Mn Pu,1
Al Mn Sm,0
Al Mn Ta,1
Al Mn Tm,0
Ge Ir Rh U,0
Co Hf Sb Sn Zr,0
Co Hf Rh Sb Sn Zr,0
Hf Rh Sb Sn Zr,0
Ba Ge Pd Zn,0
Ba Cu Ge Zn,0
Ba Ge K Zn,0
Ge K Zn,0
Cs Ga Ge,0
Ga Ge Rb,0
Cs Ge In,0
Al Co Eu,0
Ba Ge Sr,0
Eu Ge In Yb,0
Ge In Sr Yb,0
Ga Ir Sm,0
Al Nb Rh,0
Al Ni Pu,0
Al Ni Sr,0
Al Os Sc,0
Al Os Zr,1
Al Pd Th,0
Al Pd Tm,0
Al Pt Sm,0
Al Pt Th,0
Al Pt Tm,0
Al Rh Sc,0
Al Ru Zr,1
Al Sb Zr,0
Cu Dy Hf,0
Ge Ti U,0
Ag Ge Tb,0
Ag Ge Ho,0
Gd Pb Pt,0
Er Mg Zn,0
Au Ca Hg,0
Au Ce,0
Au Ce Pb,0
Au Cu Dy,1
Au Cu Ho,1
Au Cu Tb,1
Au Dy Ga,0
Au Er Ga,0
Au Er Pt,0
Au Fe Sn,0
Au Ga Gd,0
Au Ga Ho,0
Au Ga Lu,0
Au Ga Nb,0
Au Ga Ta,0
Au Ga Tb,0
Au Ga Tm,0
Au Ga V,0
Au Ga Y,0
Au Gd Ni,1
Au Gd Tb,0
Au In Pt,0
Au In Zn,0
Au La Pb,0
Au Lu Ni,1
Au Lu Sb,0
Au Nb Zn,0
Au Nd Pb,0
Au Ni Sc,1
Au Ni Y,1
Au Pb Pd,0
Au Pb Pr,0
Au Pb Sm,0
Au Pd Sb,0
Au Pt U,1
Au Pt Yb,0
Au Pu,0
Au Sb Tm,0
Cu Dy Pd,0
Cu Dy La,0
Cu Dy Ta,0
Co Sn Ti Zr,0
Cu W,0
Cr Sn Zr,0
Bi Cr,0
Bi V,0
Co Hf In,0
Co Fe Ga Sb Ti,0
Co Ge Ru Ti,0
Co Ru Sn Ti,0
Cr Fe Ge Sc,0
Co Cr Sn,0
K Mg Sb,0
Mg Na Sb,0
Ba Mg Sn,0
Bi Ca La,0
Bi Ca Pr,0
Bi Ca Er,0
Bi Ca Gd,0
Hf Sb Zn,0
Ca Fe Sb,0
Sb Ti U,0
Mn Sb U,0
Ca Cd Sb Yb,0
Ca Cd Eu Sb,0
Co Mg Ni Tb,1
Al Ca Pr Sb Yb,0
Al Th U,0
Al V Zr,1
Am Be,0
Am Os,1
Cu Nb Pd,0
Pb Pd Zr,0
Al Hf Ti,1
Al Re Ti,1
Mo Nb Ta Ti V,0
Au Lu Pb,0
Co Nb Ta,1
Co Ta W,1
Mo Nb Ti V Zr,0
Cu Dy Sc,0
Cu Dy Ti,0
Cu Dy V,0
Cr Cu Dy,0
Co Cu Dy,0
Cu Dy Ni,0
Cu Dy Zn,0
Cu Dy Y,0
Cu Dy Zr,0
Cu Dy Nb,0
Cu Dy Mo,0
Cu Dy Tc,0
Cu Dy Ru,0
Cu Dy Rh,0
Cu Dy W,0
Cu Dy Re,0
Cu Dy Os,0
Cu Dy Ir,0
Cu Dy Pt,0
La Pt Sb,0
Li Pd Sb,0
Mg Pd Sb,0
Mg Pt Sb,0
Li Sb Y,0
Mn Pd Sb Sn,0
Ge Ir La Tm,0
Al Ca Nd Sb Yb,0
Au Cd Eu Mg,0
Al Co La Sb,0
K Pd Sn,0
K Pb Rh,0
Be Lu,0
Ca Sb Yb,0
Er Ga Ge,0
Cd Lu Pd,0
Fe Ge Ni Ti,0
In Mn V,0
Co In Mn V,0
Cu Mn Ni Sb,0
Ag Al Cu,0
Al Cu Ga,0
Ag Cu Ga,0
Ag Cu Mg,0
Au Cu Mg,0
Cu Nb Ni,0
Cu Ni Pt,0
Cu Hf Pd,0
Cu Hg Pd,0
Cu In Pd,0
Au Cu Sc,0
Cu Ir Sc,0
Cu Pt Sc,0
Cu Pd Ti,0
Cu Pd V,0
Cu Pt V,0
Ag Cu Zn,0
Cu Ir Zn,0
Cu Pd Zn,0
Cu Rh Zn,0
Cu Pd Zr,0
Cu Ru Zr,0
Sc Tl,0
Be Tc,0
Al Cd Ti,0
Al Ga Ti,0
Al In Ti,0
Al Sn Ti,0
Al Ti Tl,0
Au Ti Tl,0
Cd Pt Ti,0
Ga In Ti,0
Mg Sb Ti,0
Mg Sn Ti,0
Al Pb Ti,0
Pb Pd Ti,0
Hg Ru Ti,0
Sn Ti Zn,0
Al Co Zn,0
Al Pt Zn,0
Be Ni Zn,0
Fe Pt Zn,0
Ag Li Zn,0
Mg Pt Zn,0
Mn Pt Zn,0
Cr Sc Zn,0
Rh Sc Zn,0
Al Ge Hf,0
Sb Tl Zn,0
Ga Ge Pd,0
Co Ge Sb,0
Co Pb Sb,0
Ge Lu Ti,0
Co Ga Pu,0
Bi Mn Rb,0
Bi La Ni,0
Ca Ge Sb Yb,0
Cu Sb Zn,0
Ba Cu Ga,0
Ba Ge Tl,0
Ba Mn,0
Be Ce La,0
Be Cm,0
Be Cr Mo,1
Be Cr Nb,1
Be Cu Hf,0
Be Cu Nb,0
Be Cu U,0
Be Cu Zr,0
Be Eu,0
Be Ga U,0
Be Gd,0
Be Hf Pd,0
Be Ho,0
Be Ir,1
Be La U,0
Be Lu U,0
Be Mo Ta,1
Be Os,1
Be Pa,0
Be Pd Zr,0
Be Re Tc,0
Be Bi,0
Cr Hf In,0
Cr In Y,0
Gd Ge Ti Zr,0
Al Ce Ir Os,0
Bi La Pt,0
Fe Ni Sb Ti,0
In La Sb,0
Ga Pr Sb,0
Al Sn Yb,0
Bi Ge Nd,0
Bi Ge Sm,0
Bi Ge Tb,0
Bi Ge Ho,0
Bi Ge Lu,0
Ge Lu Nb,0
Ru Sb Yb,0
Er Rh Sb,0
Au Sr Zn,0
K Sn Zn,0
Ca Cd Pt,0
Mg Pt Yb,0
Mg Pt Sr,0
Ag Mg Sr,0
Er Mg Ru,0
Ce La Ru Sn,0
Al Ce Pd Pt,0
Cr Zn,0
Pr Sb Sc,0
Sb Sc Sm,0
Sb Sc Tb,0
Ir Sn Y,0
Be Sc U,0
Be Th U,0
Be U Y,0
Be U Zr,0
Be Y,0
Bi Ce Pt,0
Bi Cs Mn,0
Bi Cu Nd,0
Bi Cu Pr,0
Bi Cu Tb,0
Bi Dy Gd,0
Bi Dy Pd,0
Bi Gd Pd,0
Bi In Pb,0
Bi K Mg,0
Bi La Pb,0
Bi La Sb,0
Bi La Sn,0
Bi Li Y,0
Bi Nd Pd,0
Bi Ni Sm,0
Ba Ge Sr Zn,0
Gd Ge Mo Ti,0
Dy Ge Mo Ti,0
Ge Ho Mo Ti,0
Er Ge Mo Ti,0
Ge Mo Ti Tm,0
Ge Lu Mo Ti,0
Gd Ge Sm Ti,0
Gd Ge Ti Y,0
Gd Ge Hf Ti,0
Gd Ge Ti V,0
Gd Ge Nb Ti,0
Gd Ge Pb Ti,0
Ga Ge Tm,0
Ca Ge Pr,0
Ca Ge Nd,0
Ca Ge Sm,0
Ca Gd Ge,0
Ca Ge Tb,0
Ca Dy Ge,0
Ca Ge Ho,0
Ca Er Ge,0
Ba Cu Ge Sr,0
Ga Pd Sr,0
Au Ga Mg,0
Ga Re Zn,0
Ni Sb Sn Zr,0
Bi Cu Ir,0
Ca Ce Fe Sb,0
Al Cu Ga La,0
Al Ce Cu Ga,0
Al Cu Ga Pr,0
Al Cu Eu Ga,0
Au Na Zn,0
Ga Nd Sb,0
Ba Ge Na,0
Ba Bi K Sn,0
Ge Ta Zr,0
Eu Sb Sn,0
La Sb Sc,0
Hg In Sr,0
Ba Ru Sn,0
Ba Rh Sn,0
Bi Ce Ni Sb,0
Ba Pd Zn,0
Ba Cd Li Sb,0
Ca Co Ga,0
Ca Cu Hg,0
Ca Cu Ni,0
Ca Mg Pb,0
Ca Mn,0
Ca Ni Y,1
Cd Ce Tl,0
Cd Dy Ga,1
Cd Er Ga,1
Cd Eu Pb,0
Cd Eu Sn,0
Cd Ga Gd,1
Cd Ga Nd,0
Cd Ga Pr,0
Cd Ga Sm,1
Cd K Sn,0
Cd La Tl,0
Co Ga Mn Ni,0
Fe Ga Mn Ni,0
La Rh Sb,0
Eu Ir Mg,0
Ca Mg Rh,0
Eu Mg Rh,0
Pt Sr Zn,0
Eu Pt Sr Zn,0
Bi Na Zn,0
Au Ge Tm,0
Al Mn Ru Yb,0
Al Fe Mn Yb,0
Mn Rb Sb Zn,0
Cu In Rh Yb,1
Pb Pr Zn,0
Nd Pb Zn,0
Mn Pr Sb,0
Au Mo Zn,0
Au Cr Zn,0
Al Cr Fe Gd,0
Al Cr Fe Yb,0
Ba Ge Ir Mg,0
Cd Nd Tl,0
Cd Np,0
Cd Pb Sr,0
Cd Pb Yb,1
Cd Pr Tl,0
Cd Pu,0
Cd Sm Tl,0
Cd Sn Yb,1
Cd Tl,0
Ce Co Sm Zr,1
Ce Cu La,0
Ce Cu Pb,0
Ce Cu Y,0
Ce Dy,0
Ce Eu Ge,0
Ce Fe Ni Tb,1
Ce Fe Re,0
Ce Fe Sn,0
Ce Fe Th,1
Ce Fe Ti,0
Ce Gd Ge,0
Ce Gd Os,1
Ce Ge La,0
Au Ir Os,0
Bi Co Fe Tb,0
Cu Ru,0
Cd Mn Rb Sb,0
Au Ge K Rb,0
Ge In La Mn,0
Li Sb Yb,0
Ce In Zn,0
Ce La Pt,0
Ce Mn Zr,1
Co Hf Mo,0
Co Hf Ni,0
Co Hf Re,0
Co Hf W,0
Co Ho Ti,1
Co Ho V,1
Co La Sm Zr,1
Co La Y,1
Co La Zn,0
Ga In,0
Pb Rh Sm,0
Cu Ge Ti,0
Hf Nb Ta Ti Zr,0
Al Au Cu,0
Bi In Pd,1
Bi Pd Tl,1
Bi Ga Pd,1
Pd Sb Tl,1
Bi Pt Tl,1
Ce Ge In Mn,0
Ge In Mn Pr,0
Ge In Mn Nd,0
Ge In Mn Sm,0
Gd Ge In Mn,0
Cs Cu Sn,0
Pt Sb Ti,0
Bi Ti Zn,0
Al Gd Ge Zn,0
Ga Os Tb,0
Co Gd Nd,1
Co Gd Sm,0
Co Gd Ti,0
Ni Sb Sn Ti Zr,0
Ni Sb Sn Ti,0
Bi Ge Sn,0
Ge Sb Sn,0
Al Hf Rh Zr,0
Al Os Th,0
Dy Fe Pr,1
Ce Ge In Rh,0
Ge Pb Sr,0
Ca Ge Pb Sr,0
Ca Ge Sn Sr,0
Ge Sn Yb,0
Bi Eu Mn,0
Ba Ga Ge Mg,0
Ag Ca La Sb,0
Ag Ca Pr Sb,0
Ag Ca Nd Sb,0
Ag Ca Sb Sm,0
Ru Sn Tb,0
Dy Ru Sn,0
Al Fe Ge Mg Y,0
Cu Rb Sn,0
Rb Sn Zn,0
Cs Sn Zn,0
Ca Ge In Li,0
Fe Nb Pd Sb,0
Co Nb Pd Sb,0
Nb Ni Pd Sb,0
Eu Ge In,0
Ge In Sr,0
Gd Sb U,0
Ho Sb U,0
Au Ca Pb,0
Ce Tl Zn,0
Ce U Zn,0
Co Cr Ho,1
Co Cr Pr,0
Co Cr Ta,1
Co Dy Fe Ti,0
Co Dy Fe V,0
Co Dy Ti,0
Co Dy V,0
Co Er Fe Mn Pr,0
Co Er Fe Pr,1
Co Er Fe Sm Ti,0
Co Er Fe Ti,0
Co Er Mn Pr,1
Ag Ce In Pd,0
Ge Rb Zn,0
Al Er Fe Ge Mg,0
Ba Ge Li Mg,0
Ca Ge Li Mg,0
Cr Fe Ge Sb,1
Fe Ge Mn Sb,1
Co Er Pr,1
Co Er Zr,1
Co Fe Ga Nd,0
Co Fe Ga Pr,0
Co Fe Ga Y,0
Co Fe Ga Zr,1
Co Fe Ho Ti,0
Co Fe Mn Tm,1
Co Fe Mn Yb,1
Co Fe Mn Zr,1
Co Fe Nb,1
Co Fe Nd Sm,0
Co Fe Nd V,0
Co Fe Pr Sm Ti,0
Co Fe Pr Sm Zr,1
Co Fe Re Y,0
Co Fe Sm Ti,0
Co Fe Sm V,0
Co Fe Tb W,0
Co Fe Ti,0
Co Fe Tm,1
Co Fe V Y,0
Co Fe W Y,0
Co Fe Yb,1
